Renewable,LC,Main,LS,Bmode,,,,,,,,,,,,
0,0,0,0,0,,,,,,,,,,,,
0,1,0.8,1,0,,,,,,,,,,,,
0,2,2,2,0,,Sum of Bmode,Column Labels,,,,,,,,,
0,3,1.8,3,-1,,Row Labels,0,1,2,3,4,5,6,7,(blank),Grand Total
0,4,1.2,4,0,,0,0,0,0,-1,0,0,-1,-1,,-3
0,5,2,5,0,,1,0,0,0,-1,0,0,-1,-1,,-3
0,6,0.2,4,-1,,2,0,0,0,-1,0,0,-1,-1,,-3
0,7,1,5,-1,,3,0,0,0,-1,0,0,-1,-1,,-3
1,0,0,0,0,,4,0,0,0,-1,0,0,-1,-1,,-3
1,1,0.8,1,0,,5,0,0,0,-1,0,0,-1,-1,,-3
1,2,2,2,0,,6,0,0,0,-1,0,0,-1,-1,,-3
1,3,1.8,3,-1,,7,0,0,0,-1,0,0,-1,-1,,-3
1,4,1.2,4,0,,8,0,0,0,-1,0,0,-1,-1,,-3
1,5,2,5,0,,9,0,0,0,-1,0,0,-1,-1,,-3
1,6,0.2,4,-1,,10,0,0,0,-1,0,0,-1,-1,,-3
1,7,1,5,-1,,11,0,0,0,-1,0,0,-1,-1,,-3
2,0,0,0,0,,12,0,0,0,-1,0,0,-1,-1,,-3
2,1,0.8,1,0,,13,0,0,0,-1,0,0,-1,-1,,-3
2,2,2,2,0,,14,0,0,0,-1,0,0,-1,-1,,-3
2,3,1.8,3,-1,,15,0,0,0,-1,0,0,-1,-1,,-3
2,4,1.2,4,0,,16,0,0,0,-1,0,0,-1,-1,,-3
2,5,2,5,0,,17,0,0,0,-1,0,0,-1,-1,,-3
2,6,0.2,4,-1,,18,0,0,0,-1,0,0,-1,-1,,-3
2,7,1,5,-1,,19,0,0,0,-1,0,0,-1,-1,,-3
3,0,0,0,0,,20,0,0,0,-1,0,0,-1,-1,,-3
3,1,0.8,1,0,,21,0,0,0,-1,0,0,-1,-1,,-3
3,2,2,2,0,,22,0,0,0,-1,0,0,-1,-1,,-3
3,3,1.8,3,-1,,23,0,0,0,-1,0,0,-1,-1,,-3
3,4,1.2,4,0,,24,0,0,0,-1,0,0,-1,-1,,-3
3,5,2,5,0,,25,0,0,0,-1,0,0,-1,-1,,-3
3,6,0.2,4,-1,,26,0,0,0,-1,0,0,-1,-1,,-3
3,7,1,5,-1,,27,0,0,0,-1,0,0,-1,-1,,-3
4,0,0,0,0,,28,0,0,0,-1,0,0,-1,-1,,-3
4,1,0.8,1,0,,29,0,0,0,-1,0,0,-1,-1,,-3
4,2,2,2,0,,30,0,0,0,-1,0,0,-1,-1,,-3
4,3,1.8,3,-1,,31,0,0,0,-1,0,0,-1,-1,,-3
4,4,1.2,4,0,,32,0,0,0,-1,0,0,-1,-1,,-3
4,5,2,5,0,,33,0,0,0,-1,0,0,-1,-1,,-3
4,6,0.2,4,-1,,34,0,0,0,-1,0,0,-1,-1,,-3
4,7,1,5,-1,,35,0,0,0,-1,0,0,-1,-1,,-3
5,0,0,0,0,,36,0,0,0,-1,0,0,-1,-1,,-3
5,1,0.8,1,0,,37,0,0,0,-1,0,0,-1,-1,,-3
5,2,2,2,0,,38,0,0,0,-1,0,0,-1,-1,,-3
5,3,1.8,3,-1,,39,0,0,0,-1,0,0,-1,-1,,-3
5,4,1.2,4,0,,40,0,0,0,-1,0,0,-1,-1,,-3
5,5,2,5,0,,41,0,0,0,-1,0,0,-1,-1,,-3
5,6,0.2,4,-1,,42,0,0,0,-1,0,0,-1,-1,,-3
5,7,1,5,-1,,43,0,0,0,-1,0,0,-1,-1,,-3
6,0,0,0,0,,44,0,0,0,-1,0,0,-1,-1,,-3
6,1,0.8,1,0,,45,0,0,0,-1,0,0,-1,-1,,-3
6,2,2,2,0,,46,0,0,0,-1,0,0,-1,-1,,-3
6,3,1.8,3,-1,,47,0,0,0,-1,0,0,-1,-1,,-3
6,4,1.2,4,0,,48,0,0,0,-1,0,0,-1,-1,,-3
6,5,2,5,0,,49,0,0,0,-1,0,0,-1,-1,,-3
6,6,0.2,4,-1,,50,0,0,0,-1,0,0,-1,-1,,-3
6,7,1,5,-1,,51,0,0,0,-1,0,0,-1,-1,,-3
7,0,0,0,0,,52,0,0,0,-1,0,0,-1,-1,,-3
7,1,0.8,1,0,,53,0,0,0,-1,0,0,-1,-1,,-3
7,2,2,2,0,,54,0,0,0,-1,0,0,-1,-1,,-3
7,3,1.8,3,-1,,55,0,0,0,-1,0,0,-1,-1,,-3
7,4,1.2,4,0,,56,0,0,0,-1,0,0,-1,-1,,-3
7,5,2,5,0,,57,0,0,0,-1,0,0,-1,-1,,-3
7,6,0.2,4,-1,,58,0,0,0,-1,0,0,-1,-1,,-3
7,7,1,5,-1,,59,0,0,0,-1,0,0,-1,-1,,-3
8,0,0,0,0,,60,0,0,0,-1,0,0,-1,-1,,-3
8,1,0.8,1,0,,61,0,0,0,-1,0,0,-1,-1,,-3
8,2,2,2,0,,62,0,0,0,-1,0,0,-1,-1,,-3
8,3,1.8,3,-1,,63,0,0,0,-1,0,0,-1,-1,,-3
8,4,1.2,4,0,,64,0,0,0,-1,0,0,-1,-1,,-3
8,5,2,5,0,,65,0,0,0,-1,0,0,-1,-1,,-3
8,6,0.2,4,-1,,66,0,0,0,-1,0,0,-1,-1,,-3
8,7,1,5,-1,,67,0,0,0,-1,0,0,-1,-1,,-3
9,0,0,0,0,,68,0,0,0,-1,0,0,-1,-1,,-3
9,1,0.8,1,0,,69,0,0,0,-1,0,0,-1,-1,,-3
9,2,2,2,0,,70,0,0,0,-1,0,0,-1,-1,,-3
9,3,1.8,3,-1,,71,0,0,0,-1,0,0,-1,-1,,-3
9,4,1.2,4,0,,72,0,0,0,-1,0,0,-1,-1,,-3
9,5,2,5,0,,73,0,0,0,-1,0,0,-1,-1,,-3
9,6,0.2,4,-1,,74,0,0,0,-1,0,0,-1,-1,,-3
9,7,1,5,-1,,75,0,0,0,-1,0,0,-1,-1,,-3
10,0,0,0,0,,76,0,0,0,-1,0,0,-1,-1,,-3
10,1,0.8,1,0,,77,0,0,0,-1,0,0,-1,-1,,-3
10,2,2,2,0,,78,0,0,0,-1,0,0,-1,-1,,-3
10,3,1.8,3,-1,,79,0,0,0,-1,0,0,-1,-1,,-3
10,4,1.2,4,0,,80,0,0,0,-1,0,0,-1,-1,,-3
10,5,2,5,0,,81,0,0,0,-1,0,0,-1,-1,,-3
10,6,0.2,4,-1,,82,0,0,0,-1,0,0,-1,-1,,-3
10,7,1,5,-1,,83,0,0,0,-1,0,0,-1,-1,,-3
11,0,0,0,0,,84,0,0,0,-1,0,0,-1,-1,,-3
11,1,0.8,1,0,,85,0,0,0,-1,0,0,-1,-1,,-3
11,2,2,2,0,,86,0,0,0,-1,0,0,-1,-1,,-3
11,3,1.8,3,-1,,87,0,0,0,-1,0,0,-1,-1,,-3
11,4,1.2,4,0,,88,0,0,0,-1,0,0,-1,-1,,-3
11,5,2,5,0,,89,0,0,0,-1,0,0,-1,-1,,-3
11,6,0.2,4,-1,,90,0,0,0,-1,0,0,-1,-1,,-3
11,7,1,5,-1,,91,0,0,0,-1,0,0,-1,-1,,-3
12,0,0,0,0,,92,0,0,0,-1,0,0,-1,-1,,-3
12,1,0.8,1,0,,93,0,0,0,-1,0,0,-1,-1,,-3
12,2,2,2,0,,94,0,0,0,-1,0,0,-1,-1,,-3
12,3,1.8,3,-1,,95,0,0,0,-1,0,0,-1,-1,,-3
12,4,1.2,4,0,,96,0,0,0,-1,0,0,-1,-1,,-3
12,5,2,5,0,,97,0,0,0,-1,0,0,-1,-1,,-3
12,6,0.2,4,-1,,98,0,0,0,-1,0,0,-1,-1,,-3
12,7,1,5,-1,,99,0,0,0,-1,0,0,-1,-1,,-3
13,0,0,0,0,,100,0,0,0,0,0,0,-1,-1,,-2
13,1,0.8,1,0,,101,0,0,0,0,0,0,-1,-1,,-2
13,2,2,2,0,,102,0,0,0,0,0,0,-1,-1,,-2
13,3,1.8,3,-1,,103,0,0,0,0,0,0,-1,-1,,-2
13,4,1.2,4,0,,104,0,0,0,0,0,0,-1,-1,,-2
13,5,2,5,0,,105,0,0,0,0,0,0,-1,-1,,-2
13,6,0.2,4,-1,,106,0,0,0,0,0,0,-1,-1,,-2
13,7,1,5,-1,,107,0,0,0,0,0,0,-1,-1,,-2
14,0,0,0,0,,108,0,0,0,0,0,0,-1,-1,,-2
14,1,0.8,1,0,,109,0,0,0,0,0,0,-1,-1,,-2
14,2,2,2,0,,110,0,0,0,0,0,0,-1,-1,,-2
14,3,1.8,3,-1,,111,0,0,0,0,0,0,-1,-1,,-2
14,4,1.2,4,0,,112,0,0,0,0,0,0,-1,-1,,-2
14,5,2,5,0,,113,0,0,0,0,0,0,-1,-1,,-2
14,6,0.2,4,-1,,114,0,0,0,0,0,0,-1,-1,,-2
14,7,1,5,-1,,115,0,0,0,0,0,0,-1,-1,,-2
15,0,0,0,0,,116,0,0,0,0,0,0,-1,-1,,-2
15,1,0.8,1,0,,117,0,0,0,0,0,0,-1,-1,,-2
15,2,2,2,0,,118,0,0,0,0,0,0,-1,-1,,-2
15,3,1.8,3,-1,,119,0,0,0,0,0,0,-1,-1,,-2
15,4,1.2,4,0,,120,0,0,0,0,0,0,-1,-1,,-2
15,5,2,5,0,,121,0,0,0,0,0,0,-1,-1,,-2
15,6,0.2,4,-1,,122,0,0,0,0,0,0,-1,-1,,-2
15,7,1,5,-1,,123,0,0,0,0,0,0,-1,-1,,-2
16,0,0,0,0,,124,0,0,0,0,0,0,-1,-1,,-2
16,1,0.8,1,0,,125,0,0,0,0,0,0,-1,-1,,-2
16,2,2,2,0,,126,0,0,0,0,0,0,-1,-1,,-2
16,3,1.8,3,-1,,127,0,0,0,0,0,0,-1,-1,,-2
16,4,1.2,4,0,,128,0,0,0,0,0,0,-1,-1,,-2
16,5,2,5,0,,129,0,0,0,0,0,0,-1,-1,,-2
16,6,0.2,4,-1,,130,0,0,0,0,0,0,-1,-1,,-2
16,7,1,5,-1,,131,0,0,0,0,0,0,-1,-1,,-2
17,0,0,0,0,,132,0,0,0,0,0,0,-1,-1,,-2
17,1,0.8,1,0,,133,0,0,0,0,0,0,-1,-1,,-2
17,2,2,2,0,,134,0,0,0,0,0,0,-1,-1,,-2
17,3,1.8,3,-1,,135,0,0,0,0,0,0,-1,-1,,-2
17,4,1.2,4,0,,136,0,0,0,0,0,0,-1,-1,,-2
17,5,2,5,0,,137,0,0,0,0,0,0,-1,-1,,-2
17,6,0.2,4,-1,,138,0,0,0,0,0,0,-1,-1,,-2
17,7,1,5,-1,,139,0,0,0,0,0,0,-1,-1,,-2
18,0,0,0,0,,140,0,0,0,0,0,0,-1,-1,,-2
18,1,0.8,1,0,,141,0,0,0,0,0,0,-1,-1,,-2
18,2,2,2,0,,142,0,0,0,0,0,0,-1,-1,,-2
18,3,1.8,3,-1,,143,0,0,0,0,0,0,-1,-1,,-2
18,4,1.2,4,0,,144,0,0,0,0,0,0,-1,-1,,-2
18,5,2,5,0,,145,0,0,0,0,0,0,-1,-1,,-2
18,6,0.2,4,-1,,146,0,0,0,0,0,0,-1,-1,,-2
18,7,1,5,-1,,147,0,0,0,0,0,0,-1,-1,,-2
19,0,0,0,0,,148,0,0,0,0,0,0,-1,-1,,-2
19,1,0.8,1,0,,149,0,0,0,0,0,0,-1,-1,,-2
19,2,2,2,0,,150,0,0,0,0,0,0,-1,-1,,-2
19,3,1.8,3,-1,,151,0,0,0,0,0,0,-1,-1,,-2
19,4,1.2,4,0,,152,0,0,0,0,0,0,-1,-1,,-2
19,5,2,5,0,,153,0,0,0,0,0,0,-1,-1,,-2
19,6,0.2,4,-1,,154,0,0,0,0,0,0,-1,-1,,-2
19,7,1,5,-1,,155,0,0,0,0,0,0,-1,-1,,-2
20,0,0,0,0,,156,0,0,0,0,0,0,-1,-1,,-2
20,1,0.8,1,0,,157,0,0,0,0,0,0,-1,-1,,-2
20,2,2,2,0,,158,0,0,0,0,0,0,-1,-1,,-2
20,3,1.8,3,-1,,159,0,0,0,0,0,0,-1,-1,,-2
20,4,1.2,4,0,,160,0,0,0,0,0,0,-1,-1,,-2
20,5,2,5,0,,161,0,0,0,0,0,0,-1,-1,,-2
20,6,0.2,4,-1,,162,0,0,0,0,0,0,-1,-1,,-2
20,7,1,5,-1,,163,0,0,0,0,0,0,-1,-1,,-2
21,0,0,0,0,,164,0,0,0,0,0,0,-1,-1,,-2
21,1,0.8,1,0,,165,0,0,0,0,0,0,-1,-1,,-2
21,2,2,2,0,,166,0,0,0,0,0,0,-1,-1,,-2
21,3,1.8,3,-1,,167,0,0,0,0,0,0,-1,-1,,-2
21,4,1.2,4,0,,168,0,0,0,0,0,0,-1,-1,,-2
21,5,2,5,0,,169,0,0,0,0,0,0,-1,-1,,-2
21,6,0.2,4,-1,,170,0,0,0,0,0,0,-1,-1,,-2
21,7,1,5,-1,,171,0,0,0,0,0,0,-1,-1,,-2
22,0,0,0,0,,172,0,0,0,0,0,0,-1,-1,,-2
22,1,0.8,1,0,,173,0,0,0,0,0,0,-1,-1,,-2
22,2,2,2,0,,174,0,0,0,0,0,0,-1,-1,,-2
22,3,1.8,3,-1,,175,0,0,0,0,0,0,-1,-1,,-2
22,4,1.2,4,0,,176,0,0,0,0,0,0,-1,-1,,-2
22,5,2,5,0,,177,0,0,0,0,0,0,-1,-1,,-2
22,6,0.2,4,-1,,178,0,0,0,0,0,0,-1,-1,,-2
22,7,1,5,-1,,179,0,0,0,0,0,0,-1,-1,,-2
23,0,0,0,0,,180,0,0,0,0,0,0,-1,-1,,-2
23,1,0.8,1,0,,181,0,0,0,0,0,0,-1,-1,,-2
23,2,2,2,0,,182,0,0,0,0,0,0,-1,-1,,-2
23,3,1.8,3,-1,,183,0,0,0,0,0,0,-1,-1,,-2
23,4,1.2,4,0,,184,0,0,0,0,0,0,-1,-1,,-2
23,5,2,5,0,,185,0,0,0,0,0,0,-1,-1,,-2
23,6,0.2,4,-1,,186,0,0,0,0,0,0,-1,-1,,-2
23,7,1,5,-1,,187,0,0,0,0,0,0,-1,-1,,-2
24,0,0,0,0,,188,0,0,0,0,0,0,-1,-1,,-2
24,1,0.8,1,0,,189,0,0,0,0,0,0,-1,-1,,-2
24,2,2,2,0,,190,0,0,0,0,0,0,-1,-1,,-2
24,3,1.8,3,-1,,191,0,0,0,0,0,0,-1,-1,,-2
24,4,1.2,4,0,,192,0,0,0,0,0,0,-1,-1,,-2
24,5,2,5,0,,193,0,0,0,0,0,0,-1,-1,,-2
24,6,0.2,4,-1,,194,0,0,0,0,0,0,-1,-1,,-2
24,7,1,5,-1,,195,0,0,0,0,0,0,-1,-1,,-2
25,0,0,0,0,,196,0,0,0,0,0,0,-1,-1,,-2
25,1,0.8,1,0,,197,0,0,0,0,0,0,-1,-1,,-2
25,2,2,2,0,,198,0,0,0,0,0,0,-1,-1,,-2
25,3,1.8,3,-1,,199,0,0,0,0,0,0,-1,-1,,-2
25,4,1.2,4,0,,200,1,1,0,0,0,0,0,0,,2
25,5,2,5,0,,201,1,1,0,0,0,0,0,0,,2
25,6,0.2,4,-1,,202,1,1,0,0,0,0,0,0,,2
25,7,1,5,-1,,203,1,1,0,0,0,0,0,0,,2
26,0,0,0,0,,204,1,1,0,0,0,0,0,0,,2
26,1,0.8,1,0,,205,1,1,0,0,0,0,0,0,,2
26,2,2,2,0,,206,1,1,0,0,0,0,0,0,,2
26,3,1.8,3,-1,,207,1,1,0,0,0,0,0,0,,2
26,4,1.2,4,0,,208,1,1,0,0,0,0,0,0,,2
26,5,2,5,0,,209,1,1,0,0,0,0,0,0,,2
26,6,0.2,4,-1,,210,1,1,0,0,0,0,0,0,,2
26,7,1,5,-1,,211,1,1,0,0,0,0,0,0,,2
27,0,0,0,0,,212,1,1,0,0,0,0,0,0,,2
27,1,0.8,1,0,,213,1,1,0,0,0,0,0,0,,2
27,2,2,2,0,,214,1,1,0,0,0,0,0,0,,2
27,3,1.8,3,-1,,215,1,1,0,0,0,0,0,0,,2
27,4,1.2,4,0,,216,1,1,0,0,0,0,0,0,,2
27,5,2,5,0,,217,1,1,0,0,0,0,0,0,,2
27,6,0.2,4,-1,,218,1,1,0,0,0,0,0,0,,2
27,7,1,5,-1,,219,1,1,0,0,0,0,0,0,,2
28,0,0,0,0,,220,1,1,0,0,0,0,0,0,,2
28,1,0.8,1,0,,221,1,1,0,0,0,0,0,0,,2
28,2,2,2,0,,222,1,1,0,0,0,0,0,0,,2
28,3,1.8,3,-1,,223,1,1,0,0,0,0,0,0,,2
28,4,1.2,4,0,,224,1,1,0,0,0,0,0,0,,2
28,5,2,5,0,,225,1,1,0,0,0,0,0,0,,2
28,6,0.2,4,-1,,226,1,1,0,0,0,0,0,0,,2
28,7,1,5,-1,,227,1,1,0,0,0,0,0,0,,2
29,0,0,0,0,,228,1,1,0,0,0,0,0,0,,2
29,1,0.8,1,0,,229,1,1,0,0,0,0,0,0,,2
29,2,2,2,0,,230,1,1,0,0,0,0,0,0,,2
29,3,1.8,3,-1,,231,1,1,0,0,0,0,0,0,,2
29,4,1.2,4,0,,232,1,1,0,0,0,0,0,0,,2
29,5,2,5,0,,233,1,1,0,0,0,0,0,0,,2
29,6,0.2,4,-1,,234,1,1,0,0,0,0,0,0,,2
29,7,1,5,-1,,235,1,1,0,0,0,0,0,0,,2
30,0,0,0,0,,236,1,1,0,0,0,0,0,0,,2
30,1,0.8,1,0,,237,1,1,0,0,0,0,0,0,,2
30,2,2,2,0,,238,1,1,0,0,0,0,0,0,,2
30,3,1.8,3,-1,,239,1,1,0,0,0,0,0,0,,2
30,4,1.2,4,0,,240,1,1,0,0,0,0,0,0,,2
30,5,2,5,0,,241,1,1,0,0,0,0,0,0,,2
30,6,0.2,4,-1,,242,1,1,0,0,0,0,0,0,,2
30,7,1,5,-1,,243,1,1,0,0,0,0,0,0,,2
31,0,0,0,0,,244,1,1,0,0,0,0,0,0,,2
31,1,0.8,1,0,,245,1,1,0,0,0,0,0,0,,2
31,2,2,2,0,,246,1,1,0,0,0,0,0,0,,2
31,3,1.8,3,-1,,247,1,1,0,0,0,0,0,0,,2
31,4,1.2,4,0,,248,1,1,0,0,0,0,0,0,,2
31,5,2,5,0,,249,1,1,0,0,0,0,0,0,,2
31,6,0.2,4,-1,,250,1,1,0,0,0,0,0,0,,2
31,7,1,5,-1,,251,1,1,0,0,0,0,0,0,,2
32,0,0,0,0,,252,1,1,0,0,0,0,0,0,,2
32,1,0.8,1,0,,253,1,1,0,0,0,0,0,0,,2
32,2,2,2,0,,254,1,1,0,0,0,0,0,0,,2
32,3,1.8,3,-1,,255,1,1,0,0,0,0,0,0,,2
32,4,1.2,4,0,,256,1,1,0,0,0,0,0,0,,2
32,5,2,5,0,,257,1,1,0,0,0,0,0,0,,2
32,6,0.2,4,-1,,258,1,1,0,0,0,0,0,0,,2
32,7,1,5,-1,,259,1,1,0,0,0,0,0,0,,2
33,0,0,0,0,,260,1,1,0,0,0,0,0,0,,2
33,1,0.8,1,0,,261,1,1,0,0,0,0,0,0,,2
33,2,2,2,0,,262,1,1,0,0,0,0,0,0,,2
33,3,1.8,3,-1,,263,1,1,0,0,0,0,0,0,,2
33,4,1.2,4,0,,264,1,1,0,0,0,0,0,0,,2
33,5,2,5,0,,265,1,1,0,0,0,0,0,0,,2
33,6,0.2,4,-1,,266,1,1,0,0,0,0,0,0,,2
33,7,1,5,-1,,267,1,1,0,0,0,0,0,0,,2
34,0,0,0,0,,268,1,1,0,0,0,0,0,0,,2
34,1,0.8,1,0,,269,1,1,0,0,0,0,0,0,,2
34,2,2,2,0,,270,1,1,0,0,0,0,0,0,,2
34,3,1.8,3,-1,,271,1,1,0,0,0,0,0,0,,2
34,4,1.2,4,0,,272,1,1,0,0,0,0,0,0,,2
34,5,2,5,0,,273,1,1,0,0,0,0,0,0,,2
34,6,0.2,4,-1,,274,1,1,0,0,0,0,0,0,,2
34,7,1,5,-1,,275,1,1,0,0,0,0,0,0,,2
35,0,0,0,0,,276,1,1,0,0,0,0,0,0,,2
35,1,0.8,1,0,,277,1,1,0,0,0,0,0,0,,2
35,2,2,2,0,,278,1,1,0,0,0,0,0,0,,2
35,3,1.8,3,-1,,279,1,1,0,0,0,0,0,0,,2
35,4,1.2,4,0,,280,1,1,0,0,0,0,0,0,,2
35,5,2,5,0,,281,1,1,0,0,0,0,0,0,,2
35,6,0.2,4,-1,,282,1,1,0,0,0,0,0,0,,2
35,7,1,5,-1,,283,1,1,0,0,0,0,0,0,,2
36,0,0,0,0,,284,1,1,0,0,0,0,0,0,,2
36,1,0.8,1,0,,285,1,1,0,0,0,0,0,0,,2
36,2,2,2,0,,286,1,1,0,0,0,0,0,0,,2
36,3,1.8,3,-1,,287,1,1,0,0,0,0,0,0,,2
36,4,1.2,4,0,,288,1,1,0,0,0,0,0,0,,2
36,5,2,5,0,,289,1,1,0,0,0,0,0,0,,2
36,6,0.2,4,-1,,290,1,1,0,0,0,0,0,0,,2
36,7,1,5,-1,,291,1,1,0,0,0,0,0,0,,2
37,0,0,0,0,,292,1,1,0,0,0,0,0,0,,2
37,1,0.8,1,0,,293,1,1,0,0,0,0,0,0,,2
37,2,2,2,0,,294,1,1,0,0,0,0,0,0,,2
37,3,1.8,3,-1,,295,1,1,0,0,0,0,0,0,,2
37,4,1.2,4,0,,296,1,1,0,0,0,0,0,0,,2
37,5,2,5,0,,297,1,1,0,0,0,0,0,0,,2
37,6,0.2,4,-1,,298,1,1,0,0,0,0,0,0,,2
37,7,1,5,-1,,299,1,1,0,0,0,0,0,0,,2
38,0,0,0,0,,300,1,1,0,0,1,0,0,0,,3
38,1,0.8,1,0,,301,1,1,0,0,1,0,0,0,,3
38,2,2,2,0,,302,1,1,0,0,1,0,0,0,,3
38,3,1.8,3,-1,,303,1,1,0,0,1,0,0,0,,3
38,4,1.2,4,0,,304,1,1,0,0,1,0,0,0,,3
38,5,2,5,0,,305,1,1,0,0,1,0,0,0,,3
38,6,0.2,4,-1,,306,1,1,0,0,1,0,0,0,,3
38,7,1,5,-1,,307,1,1,0,0,1,0,0,0,,3
39,0,0,0,0,,308,1,1,0,0,1,0,0,0,,3
39,1,0.8,1,0,,309,1,1,0,0,1,0,0,0,,3
39,2,2,2,0,,310,1,1,0,0,1,0,0,0,,3
39,3,1.8,3,-1,,311,1,1,0,0,1,0,0,0,,3
39,4,1.2,4,0,,312,1,1,0,0,1,0,0,0,,3
39,5,2,5,0,,313,1,1,0,0,1,0,0,0,,3
39,6,0.2,4,-1,,314,1,1,0,0,1,0,0,0,,3
39,7,1,5,-1,,315,1,1,0,0,1,0,0,0,,3
40,0,0,0,0,,316,1,1,0,0,1,0,0,0,,3
40,1,0.8,1,0,,317,1,1,0,0,1,0,0,0,,3
40,2,2,2,0,,318,1,1,0,0,1,0,0,0,,3
40,3,1.8,3,-1,,319,1,1,0,0,1,0,0,0,,3
40,4,1.2,4,0,,320,1,1,0,0,1,0,0,0,,3
40,5,2,5,0,,321,1,1,0,0,1,0,0,0,,3
40,6,0.2,4,-1,,322,1,1,0,0,1,0,0,0,,3
40,7,1,5,-1,,323,1,1,0,0,1,0,0,0,,3
41,0,0,0,0,,324,1,1,0,0,1,0,0,0,,3
41,1,0.8,1,0,,325,1,1,0,0,1,0,0,0,,3
41,2,2,2,0,,326,1,1,0,0,1,0,0,0,,3
41,3,1.8,3,-1,,327,1,1,0,0,1,0,0,0,,3
41,4,1.2,4,0,,328,1,1,0,0,1,0,0,0,,3
41,5,2,5,0,,329,1,1,0,0,1,0,0,0,,3
41,6,0.2,4,-1,,330,1,1,0,0,1,0,0,0,,3
41,7,1,5,-1,,331,1,1,0,0,1,0,0,0,,3
42,0,0,0,0,,332,1,1,0,0,1,0,0,0,,3
42,1,0.8,1,0,,333,1,1,0,0,1,0,0,0,,3
42,2,2,2,0,,334,1,1,0,0,1,0,0,0,,3
42,3,1.8,3,-1,,335,1,1,0,0,1,0,0,0,,3
42,4,1.2,4,0,,336,1,1,0,0,1,0,0,0,,3
42,5,2,5,0,,337,1,1,0,0,1,0,0,0,,3
42,6,0.2,4,-1,,338,1,1,0,0,1,0,0,0,,3
42,7,1,5,-1,,339,1,1,0,0,1,0,0,0,,3
43,0,0,0,0,,340,1,1,0,0,1,0,0,0,,3
43,1,0.8,1,0,,341,1,1,0,0,1,0,0,0,,3
43,2,2,2,0,,342,1,1,0,0,1,0,0,0,,3
43,3,1.8,3,-1,,343,1,1,0,0,1,0,0,0,,3
43,4,1.2,4,0,,344,1,1,0,0,1,0,0,0,,3
43,5,2,5,0,,345,1,1,0,0,1,0,0,0,,3
43,6,0.2,4,-1,,346,1,1,0,0,1,0,0,0,,3
43,7,1,5,-1,,347,1,1,0,0,1,0,0,0,,3
44,0,0,0,0,,348,1,1,0,0,1,0,0,0,,3
44,1,0.8,1,0,,349,1,1,0,0,1,0,0,0,,3
44,2,2,2,0,,350,1,1,0,0,1,0,0,0,,3
44,3,1.8,3,-1,,351,1,1,0,0,1,0,0,0,,3
44,4,1.2,4,0,,352,1,1,0,0,1,0,0,0,,3
44,5,2,5,0,,353,1,1,0,0,1,0,0,0,,3
44,6,0.2,4,-1,,354,1,1,0,0,1,0,0,0,,3
44,7,1,5,-1,,355,1,1,0,0,1,0,0,0,,3
45,0,0,0,0,,356,1,1,0,0,1,0,0,0,,3
45,1,0.8,1,0,,357,1,1,0,0,1,0,0,0,,3
45,2,2,2,0,,358,1,1,0,0,1,0,0,0,,3
45,3,1.8,3,-1,,359,1,1,0,0,1,0,0,0,,3
45,4,1.2,4,0,,360,1,1,0,0,1,0,0,0,,3
45,5,2,5,0,,361,1,1,0,0,1,0,0,0,,3
45,6,0.2,4,-1,,362,1,1,0,0,1,0,0,0,,3
45,7,1,5,-1,,363,1,1,0,0,1,0,0,0,,3
46,0,0,0,0,,364,1,1,0,0,1,0,0,0,,3
46,1,0.8,1,0,,365,1,1,0,0,1,0,0,0,,3
46,2,2,2,0,,366,1,1,0,0,1,0,0,0,,3
46,3,1.8,3,-1,,367,1,1,0,0,1,0,0,0,,3
46,4,1.2,4,0,,368,1,1,0,0,1,0,0,0,,3
46,5,2,5,0,,369,1,1,0,0,1,0,0,0,,3
46,6,0.2,4,-1,,370,1,1,0,0,1,0,0,0,,3
46,7,1,5,-1,,371,1,1,0,0,1,0,0,0,,3
47,0,0,0,0,,372,1,1,0,0,1,0,0,0,,3
47,1,0.8,1,0,,373,1,1,0,0,1,0,0,0,,3
47,2,2,2,0,,374,1,1,0,0,1,0,0,0,,3
47,3,1.8,3,-1,,375,1,1,0,0,1,0,0,0,,3
47,4,1.2,4,0,,376,1,1,0,0,1,0,0,0,,3
47,5,2,5,0,,377,1,1,0,0,1,0,0,0,,3
47,6,0.2,4,-1,,378,1,1,0,0,1,0,0,0,,3
47,7,1,5,-1,,379,1,1,0,0,1,0,0,0,,3
48,0,0,0,0,,380,1,1,0,0,1,0,0,0,,3
48,1,0.8,1,0,,381,1,1,0,0,1,0,0,0,,3
48,2,2,2,0,,382,1,1,0,0,1,0,0,0,,3
48,3,1.8,3,-1,,383,1,1,0,0,1,0,0,0,,3
48,4,1.2,4,0,,384,1,1,0,0,1,0,0,0,,3
48,5,2,5,0,,385,1,1,0,0,1,0,0,0,,3
48,6,0.2,4,-1,,386,1,1,0,0,1,0,0,0,,3
48,7,1,5,-1,,387,1,1,0,0,1,0,0,0,,3
49,0,0,0,0,,388,1,1,0,0,1,0,0,0,,3
49,1,0.8,1,0,,389,1,1,0,0,1,0,0,0,,3
49,2,2,2,0,,390,1,1,0,0,1,0,0,0,,3
49,3,1.8,3,-1,,391,1,1,0,0,1,0,0,0,,3
49,4,1.2,4,0,,392,1,1,0,0,1,0,0,0,,3
49,5,2,5,0,,393,1,1,0,0,1,0,0,0,,3
49,6,0.2,4,-1,,394,1,1,0,0,1,0,0,0,,3
49,7,1,5,-1,,395,1,1,0,0,1,0,0,0,,3
50,0,0,0,0,,396,1,1,0,0,1,0,0,0,,3
50,1,0.8,1,0,,397,1,1,0,0,1,0,0,0,,3
50,2,2,2,0,,398,1,1,0,0,1,0,0,0,,3
50,3,1.8,3,-1,,399,1,1,0,0,1,0,0,0,,3
50,4,1.2,4,0,,(blank),,,,,,,,,,
50,5,2,5,0,,Grand Total,200,200,0,-100,100,0,-200,-200,,0
50,6,0.2,4,-1,,,,,,,,,,,,
50,7,1,5,-1,,,,,,,,,,,,
51,0,0,0,0,,,,,,,,,,,,
51,1,0.8,1,0,,,,,,,,,,,,
51,2,2,2,0,,,,,,,,,,,,
51,3,1.8,3,-1,,,,,,,,,,,,
51,4,1.2,4,0,,,,,,,,,,,,
51,5,2,5,0,,,,,,,,,,,,
51,6,0.2,4,-1,,,,,,,,,,,,
51,7,1,5,-1,,,,,,,,,,,,
52,0,0,0,0,,,,,,,,,,,,
52,1,0.8,1,0,,,,,,,,,,,,
52,2,2,2,0,,,,,,,,,,,,
52,3,1.8,3,-1,,,,,,,,,,,,
52,4,1.2,4,0,,,,,,,,,,,,
52,5,2,5,0,,,,,,,,,,,,
52,6,0.2,4,-1,,,,,,,,,,,,
52,7,1,5,-1,,,,,,,,,,,,
53,0,0,0,0,,,,,,,,,,,,
53,1,0.8,1,0,,,,,,,,,,,,
53,2,2,2,0,,,,,,,,,,,,
53,3,1.8,3,-1,,,,,,,,,,,,
53,4,1.2,4,0,,,,,,,,,,,,
53,5,2,5,0,,,,,,,,,,,,
53,6,0.2,4,-1,,,,,,,,,,,,
53,7,1,5,-1,,,,,,,,,,,,
54,0,0,0,0,,,,,,,,,,,,
54,1,0.8,1,0,,,,,,,,,,,,
54,2,2,2,0,,,,,,,,,,,,
54,3,1.8,3,-1,,,,,,,,,,,,
54,4,1.2,4,0,,,,,,,,,,,,
54,5,2,5,0,,,,,,,,,,,,
54,6,0.2,4,-1,,,,,,,,,,,,
54,7,1,5,-1,,,,,,,,,,,,
55,0,0,0,0,,,,,,,,,,,,
55,1,0.8,1,0,,,,,,,,,,,,
55,2,2,2,0,,,,,,,,,,,,
55,3,1.8,3,-1,,,,,,,,,,,,
55,4,1.2,4,0,,,,,,,,,,,,
55,5,2,5,0,,,,,,,,,,,,
55,6,0.2,4,-1,,,,,,,,,,,,
55,7,1,5,-1,,,,,,,,,,,,
56,0,0,0,0,,,,,,,,,,,,
56,1,0.8,1,0,,,,,,,,,,,,
56,2,2,2,0,,,,,,,,,,,,
56,3,1.8,3,-1,,,,,,,,,,,,
56,4,1.2,4,0,,,,,,,,,,,,
56,5,2,5,0,,,,,,,,,,,,
56,6,0.2,4,-1,,,,,,,,,,,,
56,7,1,5,-1,,,,,,,,,,,,
57,0,0,0,0,,,,,,,,,,,,
57,1,0.8,1,0,,,,,,,,,,,,
57,2,2,2,0,,,,,,,,,,,,
57,3,1.8,3,-1,,,,,,,,,,,,
57,4,1.2,4,0,,,,,,,,,,,,
57,5,2,5,0,,,,,,,,,,,,
57,6,0.2,4,-1,,,,,,,,,,,,
57,7,1,5,-1,,,,,,,,,,,,
58,0,0,0,0,,,,,,,,,,,,
58,1,0.8,1,0,,,,,,,,,,,,
58,2,2,2,0,,,,,,,,,,,,
58,3,1.8,3,-1,,,,,,,,,,,,
58,4,1.2,4,0,,,,,,,,,,,,
58,5,2,5,0,,,,,,,,,,,,
58,6,0.2,4,-1,,,,,,,,,,,,
58,7,1,5,-1,,,,,,,,,,,,
59,0,0,0,0,,,,,,,,,,,,
59,1,0.8,1,0,,,,,,,,,,,,
59,2,2,2,0,,,,,,,,,,,,
59,3,1.8,3,-1,,,,,,,,,,,,
59,4,1.2,4,0,,,,,,,,,,,,
59,5,2,5,0,,,,,,,,,,,,
59,6,0.2,4,-1,,,,,,,,,,,,
59,7,1,5,-1,,,,,,,,,,,,
60,0,0,0,0,,,,,,,,,,,,
60,1,0.8,1,0,,,,,,,,,,,,
60,2,2,2,0,,,,,,,,,,,,
60,3,1.8,3,-1,,,,,,,,,,,,
60,4,1.2,4,0,,,,,,,,,,,,
60,5,2,5,0,,,,,,,,,,,,
60,6,0.2,4,-1,,,,,,,,,,,,
60,7,1,5,-1,,,,,,,,,,,,
61,0,0,0,0,,,,,,,,,,,,
61,1,0.8,1,0,,,,,,,,,,,,
61,2,2,2,0,,,,,,,,,,,,
61,3,1.8,3,-1,,,,,,,,,,,,
61,4,1.2,4,0,,,,,,,,,,,,
61,5,2,5,0,,,,,,,,,,,,
61,6,0.2,4,-1,,,,,,,,,,,,
61,7,1,5,-1,,,,,,,,,,,,
62,0,0,0,0,,,,,,,,,,,,
62,1,0.8,1,0,,,,,,,,,,,,
62,2,2,2,0,,,,,,,,,,,,
62,3,1.8,3,-1,,,,,,,,,,,,
62,4,1.2,4,0,,,,,,,,,,,,
62,5,2,5,0,,,,,,,,,,,,
62,6,0.2,4,-1,,,,,,,,,,,,
62,7,1,5,-1,,,,,,,,,,,,
63,0,0,0,0,,,,,,,,,,,,
63,1,0.8,1,0,,,,,,,,,,,,
63,2,2,2,0,,,,,,,,,,,,
63,3,1.8,3,-1,,,,,,,,,,,,
63,4,1.2,4,0,,,,,,,,,,,,
63,5,2,5,0,,,,,,,,,,,,
63,6,0.2,4,-1,,,,,,,,,,,,
63,7,1,5,-1,,,,,,,,,,,,
64,0,0,0,0,,,,,,,,,,,,
64,1,0.8,1,0,,,,,,,,,,,,
64,2,2,2,0,,,,,,,,,,,,
64,3,1.8,3,-1,,,,,,,,,,,,
64,4,1.2,4,0,,,,,,,,,,,,
64,5,2,5,0,,,,,,,,,,,,
64,6,0.2,4,-1,,,,,,,,,,,,
64,7,1,5,-1,,,,,,,,,,,,
65,0,0,0,0,,,,,,,,,,,,
65,1,0.8,1,0,,,,,,,,,,,,
65,2,2,2,0,,,,,,,,,,,,
65,3,1.8,3,-1,,,,,,,,,,,,
65,4,1.2,4,0,,,,,,,,,,,,
65,5,2,5,0,,,,,,,,,,,,
65,6,0.2,4,-1,,,,,,,,,,,,
65,7,1,5,-1,,,,,,,,,,,,
66,0,0,0,0,,,,,,,,,,,,
66,1,0.8,1,0,,,,,,,,,,,,
66,2,2,2,0,,,,,,,,,,,,
66,3,1.8,3,-1,,,,,,,,,,,,
66,4,1.2,4,0,,,,,,,,,,,,
66,5,2,5,0,,,,,,,,,,,,
66,6,0.2,4,-1,,,,,,,,,,,,
66,7,1,5,-1,,,,,,,,,,,,
67,0,0,0,0,,,,,,,,,,,,
67,1,0.8,1,0,,,,,,,,,,,,
67,2,2,2,0,,,,,,,,,,,,
67,3,1.8,3,-1,,,,,,,,,,,,
67,4,1.2,4,0,,,,,,,,,,,,
67,5,2,5,0,,,,,,,,,,,,
67,6,0.2,4,-1,,,,,,,,,,,,
67,7,1,5,-1,,,,,,,,,,,,
68,0,0,0,0,,,,,,,,,,,,
68,1,0.8,1,0,,,,,,,,,,,,
68,2,2,2,0,,,,,,,,,,,,
68,3,1.8,3,-1,,,,,,,,,,,,
68,4,1.2,4,0,,,,,,,,,,,,
68,5,2,5,0,,,,,,,,,,,,
68,6,0.2,4,-1,,,,,,,,,,,,
68,7,1,5,-1,,,,,,,,,,,,
69,0,0,0,0,,,,,,,,,,,,
69,1,0.8,1,0,,,,,,,,,,,,
69,2,2,2,0,,,,,,,,,,,,
69,3,1.8,3,-1,,,,,,,,,,,,
69,4,1.2,4,0,,,,,,,,,,,,
69,5,2,5,0,,,,,,,,,,,,
69,6,0.2,4,-1,,,,,,,,,,,,
69,7,1,5,-1,,,,,,,,,,,,
70,0,0,0,0,,,,,,,,,,,,
70,1,0.8,1,0,,,,,,,,,,,,
70,2,2,2,0,,,,,,,,,,,,
70,3,1.8,3,-1,,,,,,,,,,,,
70,4,1.2,4,0,,,,,,,,,,,,
70,5,2,5,0,,,,,,,,,,,,
70,6,0.2,4,-1,,,,,,,,,,,,
70,7,1,5,-1,,,,,,,,,,,,
71,0,0,0,0,,,,,,,,,,,,
71,1,0.8,1,0,,,,,,,,,,,,
71,2,2,2,0,,,,,,,,,,,,
71,3,1.8,3,-1,,,,,,,,,,,,
71,4,1.2,4,0,,,,,,,,,,,,
71,5,2,5,0,,,,,,,,,,,,
71,6,0.2,4,-1,,,,,,,,,,,,
71,7,1,5,-1,,,,,,,,,,,,
72,0,0,0,0,,,,,,,,,,,,
72,1,0.8,1,0,,,,,,,,,,,,
72,2,2,2,0,,,,,,,,,,,,
72,3,1.8,3,-1,,,,,,,,,,,,
72,4,1.2,4,0,,,,,,,,,,,,
72,5,2,5,0,,,,,,,,,,,,
72,6,0.2,4,-1,,,,,,,,,,,,
72,7,1,5,-1,,,,,,,,,,,,
73,0,0,0,0,,,,,,,,,,,,
73,1,0.8,1,0,,,,,,,,,,,,
73,2,2,2,0,,,,,,,,,,,,
73,3,1.8,3,-1,,,,,,,,,,,,
73,4,1.2,4,0,,,,,,,,,,,,
73,5,2,5,0,,,,,,,,,,,,
73,6,0.2,4,-1,,,,,,,,,,,,
73,7,1,5,-1,,,,,,,,,,,,
74,0,0,0,0,,,,,,,,,,,,
74,1,0.8,1,0,,,,,,,,,,,,
74,2,2,2,0,,,,,,,,,,,,
74,3,1.8,3,-1,,,,,,,,,,,,
74,4,1.2,4,0,,,,,,,,,,,,
74,5,2,5,0,,,,,,,,,,,,
74,6,0.2,4,-1,,,,,,,,,,,,
74,7,1,5,-1,,,,,,,,,,,,
75,0,0,0,0,,,,,,,,,,,,
75,1,0.8,1,0,,,,,,,,,,,,
75,2,2,2,0,,,,,,,,,,,,
75,3,1.8,3,-1,,,,,,,,,,,,
75,4,1.2,4,0,,,,,,,,,,,,
75,5,2,5,0,,,,,,,,,,,,
75,6,0.2,4,-1,,,,,,,,,,,,
75,7,1,5,-1,,,,,,,,,,,,
76,0,0,0,0,,,,,,,,,,,,
76,1,0.8,1,0,,,,,,,,,,,,
76,2,2,2,0,,,,,,,,,,,,
76,3,1.8,3,-1,,,,,,,,,,,,
76,4,1.2,4,0,,,,,,,,,,,,
76,5,2,5,0,,,,,,,,,,,,
76,6,0.2,4,-1,,,,,,,,,,,,
76,7,1,5,-1,,,,,,,,,,,,
77,0,0,0,0,,,,,,,,,,,,
77,1,0.8,1,0,,,,,,,,,,,,
77,2,2,2,0,,,,,,,,,,,,
77,3,1.8,3,-1,,,,,,,,,,,,
77,4,1.2,4,0,,,,,,,,,,,,
77,5,2,5,0,,,,,,,,,,,,
77,6,0.2,4,-1,,,,,,,,,,,,
77,7,1,5,-1,,,,,,,,,,,,
78,0,0,0,0,,,,,,,,,,,,
78,1,0.8,1,0,,,,,,,,,,,,
78,2,2,2,0,,,,,,,,,,,,
78,3,1.8,3,-1,,,,,,,,,,,,
78,4,1.2,4,0,,,,,,,,,,,,
78,5,2,5,0,,,,,,,,,,,,
78,6,0.2,4,-1,,,,,,,,,,,,
78,7,1,5,-1,,,,,,,,,,,,
79,0,0,0,0,,,,,,,,,,,,
79,1,0.8,1,0,,,,,,,,,,,,
79,2,2,2,0,,,,,,,,,,,,
79,3,1.8,3,-1,,,,,,,,,,,,
79,4,1.2,4,0,,,,,,,,,,,,
79,5,2,5,0,,,,,,,,,,,,
79,6,0.2,4,-1,,,,,,,,,,,,
79,7,1,5,-1,,,,,,,,,,,,
80,0,0,0,0,,,,,,,,,,,,
80,1,0.8,1,0,,,,,,,,,,,,
80,2,2,2,0,,,,,,,,,,,,
80,3,1.8,3,-1,,,,,,,,,,,,
80,4,1.2,4,0,,,,,,,,,,,,
80,5,2,5,0,,,,,,,,,,,,
80,6,0.2,4,-1,,,,,,,,,,,,
80,7,1,5,-1,,,,,,,,,,,,
81,0,0,0,0,,,,,,,,,,,,
81,1,0.8,1,0,,,,,,,,,,,,
81,2,2,2,0,,,,,,,,,,,,
81,3,1.8,3,-1,,,,,,,,,,,,
81,4,1.2,4,0,,,,,,,,,,,,
81,5,2,5,0,,,,,,,,,,,,
81,6,0.2,4,-1,,,,,,,,,,,,
81,7,1,5,-1,,,,,,,,,,,,
82,0,0,0,0,,,,,,,,,,,,
82,1,0.8,1,0,,,,,,,,,,,,
82,2,2,2,0,,,,,,,,,,,,
82,3,1.8,3,-1,,,,,,,,,,,,
82,4,1.2,4,0,,,,,,,,,,,,
82,5,2,5,0,,,,,,,,,,,,
82,6,0.2,4,-1,,,,,,,,,,,,
82,7,1,5,-1,,,,,,,,,,,,
83,0,0,0,0,,,,,,,,,,,,
83,1,0.8,1,0,,,,,,,,,,,,
83,2,2,2,0,,,,,,,,,,,,
83,3,1.8,3,-1,,,,,,,,,,,,
83,4,1.2,4,0,,,,,,,,,,,,
83,5,2,5,0,,,,,,,,,,,,
83,6,0.2,4,-1,,,,,,,,,,,,
83,7,1,5,-1,,,,,,,,,,,,
84,0,0,0,0,,,,,,,,,,,,
84,1,0.8,1,0,,,,,,,,,,,,
84,2,2,2,0,,,,,,,,,,,,
84,3,1.8,3,-1,,,,,,,,,,,,
84,4,1.2,4,0,,,,,,,,,,,,
84,5,2,5,0,,,,,,,,,,,,
84,6,0.2,4,-1,,,,,,,,,,,,
84,7,1,5,-1,,,,,,,,,,,,
85,0,0,0,0,,,,,,,,,,,,
85,1,0.8,1,0,,,,,,,,,,,,
85,2,2,2,0,,,,,,,,,,,,
85,3,1.8,3,-1,,,,,,,,,,,,
85,4,1.2,4,0,,,,,,,,,,,,
85,5,2,5,0,,,,,,,,,,,,
85,6,0.2,4,-1,,,,,,,,,,,,
85,7,1,5,-1,,,,,,,,,,,,
86,0,0,0,0,,,,,,,,,,,,
86,1,0.8,1,0,,,,,,,,,,,,
86,2,2,2,0,,,,,,,,,,,,
86,3,1.8,3,-1,,,,,,,,,,,,
86,4,1.2,4,0,,,,,,,,,,,,
86,5,2,5,0,,,,,,,,,,,,
86,6,0.2,4,-1,,,,,,,,,,,,
86,7,1,5,-1,,,,,,,,,,,,
87,0,0,0,0,,,,,,,,,,,,
87,1,0.8,1,0,,,,,,,,,,,,
87,2,2,2,0,,,,,,,,,,,,
87,3,1.8,3,-1,,,,,,,,,,,,
87,4,1.2,4,0,,,,,,,,,,,,
87,5,2,5,0,,,,,,,,,,,,
87,6,0.2,4,-1,,,,,,,,,,,,
87,7,1,5,-1,,,,,,,,,,,,
88,0,0,0,0,,,,,,,,,,,,
88,1,0.8,1,0,,,,,,,,,,,,
88,2,2,2,0,,,,,,,,,,,,
88,3,1.8,3,-1,,,,,,,,,,,,
88,4,1.2,4,0,,,,,,,,,,,,
88,5,2,5,0,,,,,,,,,,,,
88,6,0.2,4,-1,,,,,,,,,,,,
88,7,1,5,-1,,,,,,,,,,,,
89,0,0,0,0,,,,,,,,,,,,
89,1,0.8,1,0,,,,,,,,,,,,
89,2,2,2,0,,,,,,,,,,,,
89,3,1.8,3,-1,,,,,,,,,,,,
89,4,1.2,4,0,,,,,,,,,,,,
89,5,2,5,0,,,,,,,,,,,,
89,6,0.2,4,-1,,,,,,,,,,,,
89,7,1,5,-1,,,,,,,,,,,,
90,0,0,0,0,,,,,,,,,,,,
90,1,0.8,1,0,,,,,,,,,,,,
90,2,2,2,0,,,,,,,,,,,,
90,3,1.8,3,-1,,,,,,,,,,,,
90,4,1.2,4,0,,,,,,,,,,,,
90,5,2,5,0,,,,,,,,,,,,
90,6,0.2,4,-1,,,,,,,,,,,,
90,7,1,5,-1,,,,,,,,,,,,
91,0,0,0,0,,,,,,,,,,,,
91,1,0.8,1,0,,,,,,,,,,,,
91,2,2,2,0,,,,,,,,,,,,
91,3,1.8,3,-1,,,,,,,,,,,,
91,4,1.2,4,0,,,,,,,,,,,,
91,5,2,5,0,,,,,,,,,,,,
91,6,0.2,4,-1,,,,,,,,,,,,
91,7,1,5,-1,,,,,,,,,,,,
92,0,0,0,0,,,,,,,,,,,,
92,1,0.8,1,0,,,,,,,,,,,,
92,2,2,2,0,,,,,,,,,,,,
92,3,1.8,3,-1,,,,,,,,,,,,
92,4,1.2,4,0,,,,,,,,,,,,
92,5,2,5,0,,,,,,,,,,,,
92,6,0.2,4,-1,,,,,,,,,,,,
92,7,1,5,-1,,,,,,,,,,,,
93,0,0,0,0,,,,,,,,,,,,
93,1,0.8,1,0,,,,,,,,,,,,
93,2,2,2,0,,,,,,,,,,,,
93,3,1.8,3,-1,,,,,,,,,,,,
93,4,1.2,4,0,,,,,,,,,,,,
93,5,2,5,0,,,,,,,,,,,,
93,6,0.2,4,-1,,,,,,,,,,,,
93,7,1,5,-1,,,,,,,,,,,,
94,0,0,0,0,,,,,,,,,,,,
94,1,0.8,1,0,,,,,,,,,,,,
94,2,2,2,0,,,,,,,,,,,,
94,3,1.8,3,-1,,,,,,,,,,,,
94,4,1.2,4,0,,,,,,,,,,,,
94,5,2,5,0,,,,,,,,,,,,
94,6,0.2,4,-1,,,,,,,,,,,,
94,7,1,5,-1,,,,,,,,,,,,
95,0,0,0,0,,,,,,,,,,,,
95,1,0.8,1,0,,,,,,,,,,,,
95,2,2,2,0,,,,,,,,,,,,
95,3,1.8,3,-1,,,,,,,,,,,,
95,4,1.2,4,0,,,,,,,,,,,,
95,5,2,5,0,,,,,,,,,,,,
95,6,0.2,4,-1,,,,,,,,,,,,
95,7,1,5,-1,,,,,,,,,,,,
96,0,0,0,0,,,,,,,,,,,,
96,1,0.8,1,0,,,,,,,,,,,,
96,2,2,2,0,,,,,,,,,,,,
96,3,1.8,3,-1,,,,,,,,,,,,
96,4,1.2,4,0,,,,,,,,,,,,
96,5,2,5,0,,,,,,,,,,,,
96,6,0.2,4,-1,,,,,,,,,,,,
96,7,1,5,-1,,,,,,,,,,,,
97,0,0,0,0,,,,,,,,,,,,
97,1,0.8,1,0,,,,,,,,,,,,
97,2,2,2,0,,,,,,,,,,,,
97,3,1.8,3,-1,,,,,,,,,,,,
97,4,1.2,4,0,,,,,,,,,,,,
97,5,2,5,0,,,,,,,,,,,,
97,6,0.2,4,-1,,,,,,,,,,,,
97,7,1,5,-1,,,,,,,,,,,,
98,0,0,0,0,,,,,,,,,,,,
98,1,0.8,1,0,,,,,,,,,,,,
98,2,2,2,0,,,,,,,,,,,,
98,3,1.8,3,-1,,,,,,,,,,,,
98,4,1.2,4,0,,,,,,,,,,,,
98,5,2,5,0,,,,,,,,,,,,
98,6,0.2,4,-1,,,,,,,,,,,,
98,7,1,5,-1,,,,,,,,,,,,
99,0,0,0,0,,,,,,,,,,,,
99,1,0.8,1,0,,,,,,,,,,,,
99,2,2,2,0,,,,,,,,,,,,
99,3,1.8,3,-1,,,,,,,,,,,,
99,4,1.2,4,0,,,,,,,,,,,,
99,5,2,5,0,,,,,,,,,,,,
99,6,0.2,4,-1,,,,,,,,,,,,
99,7,1,5,-1,,,,,,,,,,,,
100,0,0,0,0,,,,,,,,,,,,
100,1,0,1,0,,,,,,,,,,,,
100,2,1,2,0,,,,,,,,,,,,
100,3,1.8,3,0,,,,,,,,,,,,
100,4,0.2,4,0,,,,,,,,,,,,
100,5,1,5,0,,,,,,,,,,,,
100,6,1.2,6,-1,,,,,,,,,,,,
100,7,2,7,-1,,,,,,,,,,,,
101,0,0,0,0,,,,,,,,,,,,
101,1,0,1,0,,,,,,,,,,,,
101,2,1,2,0,,,,,,,,,,,,
101,3,1.8,3,0,,,,,,,,,,,,
101,4,0.2,4,0,,,,,,,,,,,,
101,5,1,5,0,,,,,,,,,,,,
101,6,1.2,6,-1,,,,,,,,,,,,
101,7,2,7,-1,,,,,,,,,,,,
102,0,0,0,0,,,,,,,,,,,,
102,1,0,1,0,,,,,,,,,,,,
102,2,1,2,0,,,,,,,,,,,,
102,3,1.8,3,0,,,,,,,,,,,,
102,4,0.2,4,0,,,,,,,,,,,,
102,5,1,5,0,,,,,,,,,,,,
102,6,1.2,6,-1,,,,,,,,,,,,
102,7,2,7,-1,,,,,,,,,,,,
103,0,0,0,0,,,,,,,,,,,,
103,1,0,1,0,,,,,,,,,,,,
103,2,1,2,0,,,,,,,,,,,,
103,3,1.8,3,0,,,,,,,,,,,,
103,4,0.2,4,0,,,,,,,,,,,,
103,5,1,5,0,,,,,,,,,,,,
103,6,1.2,6,-1,,,,,,,,,,,,
103,7,2,7,-1,,,,,,,,,,,,
104,0,0,0,0,,,,,,,,,,,,
104,1,0,1,0,,,,,,,,,,,,
104,2,1,2,0,,,,,,,,,,,,
104,3,1.8,3,0,,,,,,,,,,,,
104,4,0.2,4,0,,,,,,,,,,,,
104,5,1,5,0,,,,,,,,,,,,
104,6,1.2,6,-1,,,,,,,,,,,,
104,7,2,7,-1,,,,,,,,,,,,
105,0,0,0,0,,,,,,,,,,,,
105,1,0,1,0,,,,,,,,,,,,
105,2,1,2,0,,,,,,,,,,,,
105,3,1.8,3,0,,,,,,,,,,,,
105,4,0.2,4,0,,,,,,,,,,,,
105,5,1,5,0,,,,,,,,,,,,
105,6,1.2,6,-1,,,,,,,,,,,,
105,7,2,7,-1,,,,,,,,,,,,
106,0,0,0,0,,,,,,,,,,,,
106,1,0,1,0,,,,,,,,,,,,
106,2,1,2,0,,,,,,,,,,,,
106,3,1.8,3,0,,,,,,,,,,,,
106,4,0.2,4,0,,,,,,,,,,,,
106,5,1,5,0,,,,,,,,,,,,
106,6,1.2,6,-1,,,,,,,,,,,,
106,7,2,7,-1,,,,,,,,,,,,
107,0,0,0,0,,,,,,,,,,,,
107,1,0,1,0,,,,,,,,,,,,
107,2,1,2,0,,,,,,,,,,,,
107,3,1.8,3,0,,,,,,,,,,,,
107,4,0.2,4,0,,,,,,,,,,,,
107,5,1,5,0,,,,,,,,,,,,
107,6,1.2,6,-1,,,,,,,,,,,,
107,7,2,7,-1,,,,,,,,,,,,
108,0,0,0,0,,,,,,,,,,,,
108,1,0,1,0,,,,,,,,,,,,
108,2,1,2,0,,,,,,,,,,,,
108,3,1.8,3,0,,,,,,,,,,,,
108,4,0.2,4,0,,,,,,,,,,,,
108,5,1,5,0,,,,,,,,,,,,
108,6,1.2,6,-1,,,,,,,,,,,,
108,7,2,7,-1,,,,,,,,,,,,
109,0,0,0,0,,,,,,,,,,,,
109,1,0,1,0,,,,,,,,,,,,
109,2,1,2,0,,,,,,,,,,,,
109,3,1.8,3,0,,,,,,,,,,,,
109,4,0.2,4,0,,,,,,,,,,,,
109,5,1,5,0,,,,,,,,,,,,
109,6,1.2,6,-1,,,,,,,,,,,,
109,7,2,7,-1,,,,,,,,,,,,
110,0,0,0,0,,,,,,,,,,,,
110,1,0,1,0,,,,,,,,,,,,
110,2,1,2,0,,,,,,,,,,,,
110,3,1.8,3,0,,,,,,,,,,,,
110,4,0.2,4,0,,,,,,,,,,,,
110,5,1,5,0,,,,,,,,,,,,
110,6,1.2,6,-1,,,,,,,,,,,,
110,7,2,7,-1,,,,,,,,,,,,
111,0,0,0,0,,,,,,,,,,,,
111,1,0,1,0,,,,,,,,,,,,
111,2,1,2,0,,,,,,,,,,,,
111,3,1.8,3,0,,,,,,,,,,,,
111,4,0.2,4,0,,,,,,,,,,,,
111,5,1,5,0,,,,,,,,,,,,
111,6,1.2,6,-1,,,,,,,,,,,,
111,7,2,7,-1,,,,,,,,,,,,
112,0,0,0,0,,,,,,,,,,,,
112,1,0,1,0,,,,,,,,,,,,
112,2,1,2,0,,,,,,,,,,,,
112,3,1.8,3,0,,,,,,,,,,,,
112,4,0.2,4,0,,,,,,,,,,,,
112,5,1,5,0,,,,,,,,,,,,
112,6,1.2,6,-1,,,,,,,,,,,,
112,7,2,7,-1,,,,,,,,,,,,
113,0,0,0,0,,,,,,,,,,,,
113,1,0,1,0,,,,,,,,,,,,
113,2,1,2,0,,,,,,,,,,,,
113,3,1.8,3,0,,,,,,,,,,,,
113,4,0.2,4,0,,,,,,,,,,,,
113,5,1,5,0,,,,,,,,,,,,
113,6,1.2,6,-1,,,,,,,,,,,,
113,7,2,7,-1,,,,,,,,,,,,
114,0,0,0,0,,,,,,,,,,,,
114,1,0,1,0,,,,,,,,,,,,
114,2,1,2,0,,,,,,,,,,,,
114,3,1.8,3,0,,,,,,,,,,,,
114,4,0.2,4,0,,,,,,,,,,,,
114,5,1,5,0,,,,,,,,,,,,
114,6,1.2,6,-1,,,,,,,,,,,,
114,7,2,7,-1,,,,,,,,,,,,
115,0,0,0,0,,,,,,,,,,,,
115,1,0,1,0,,,,,,,,,,,,
115,2,1,2,0,,,,,,,,,,,,
115,3,1.8,3,0,,,,,,,,,,,,
115,4,0.2,4,0,,,,,,,,,,,,
115,5,1,5,0,,,,,,,,,,,,
115,6,1.2,6,-1,,,,,,,,,,,,
115,7,2,7,-1,,,,,,,,,,,,
116,0,0,0,0,,,,,,,,,,,,
116,1,0,1,0,,,,,,,,,,,,
116,2,1,2,0,,,,,,,,,,,,
116,3,1.8,3,0,,,,,,,,,,,,
116,4,0.2,4,0,,,,,,,,,,,,
116,5,1,5,0,,,,,,,,,,,,
116,6,1.2,6,-1,,,,,,,,,,,,
116,7,2,7,-1,,,,,,,,,,,,
117,0,0,0,0,,,,,,,,,,,,
117,1,0,1,0,,,,,,,,,,,,
117,2,1,2,0,,,,,,,,,,,,
117,3,1.8,3,0,,,,,,,,,,,,
117,4,0.2,4,0,,,,,,,,,,,,
117,5,1,5,0,,,,,,,,,,,,
117,6,1.2,6,-1,,,,,,,,,,,,
117,7,2,7,-1,,,,,,,,,,,,
118,0,0,0,0,,,,,,,,,,,,
118,1,0,1,0,,,,,,,,,,,,
118,2,1,2,0,,,,,,,,,,,,
118,3,1.8,3,0,,,,,,,,,,,,
118,4,0.2,4,0,,,,,,,,,,,,
118,5,1,5,0,,,,,,,,,,,,
118,6,1.2,6,-1,,,,,,,,,,,,
118,7,2,7,-1,,,,,,,,,,,,
119,0,0,0,0,,,,,,,,,,,,
119,1,0,1,0,,,,,,,,,,,,
119,2,1,2,0,,,,,,,,,,,,
119,3,1.8,3,0,,,,,,,,,,,,
119,4,0.2,4,0,,,,,,,,,,,,
119,5,1,5,0,,,,,,,,,,,,
119,6,1.2,6,-1,,,,,,,,,,,,
119,7,2,7,-1,,,,,,,,,,,,
120,0,0,0,0,,,,,,,,,,,,
120,1,0,1,0,,,,,,,,,,,,
120,2,1,2,0,,,,,,,,,,,,
120,3,1.8,3,0,,,,,,,,,,,,
120,4,0.2,4,0,,,,,,,,,,,,
120,5,1,5,0,,,,,,,,,,,,
120,6,1.2,6,-1,,,,,,,,,,,,
120,7,2,7,-1,,,,,,,,,,,,
121,0,0,0,0,,,,,,,,,,,,
121,1,0,1,0,,,,,,,,,,,,
121,2,1,2,0,,,,,,,,,,,,
121,3,1.8,3,0,,,,,,,,,,,,
121,4,0.2,4,0,,,,,,,,,,,,
121,5,1,5,0,,,,,,,,,,,,
121,6,1.2,6,-1,,,,,,,,,,,,
121,7,2,7,-1,,,,,,,,,,,,
122,0,0,0,0,,,,,,,,,,,,
122,1,0,1,0,,,,,,,,,,,,
122,2,1,2,0,,,,,,,,,,,,
122,3,1.8,3,0,,,,,,,,,,,,
122,4,0.2,4,0,,,,,,,,,,,,
122,5,1,5,0,,,,,,,,,,,,
122,6,1.2,6,-1,,,,,,,,,,,,
122,7,2,7,-1,,,,,,,,,,,,
123,0,0,0,0,,,,,,,,,,,,
123,1,0,1,0,,,,,,,,,,,,
123,2,1,2,0,,,,,,,,,,,,
123,3,1.8,3,0,,,,,,,,,,,,
123,4,0.2,4,0,,,,,,,,,,,,
123,5,1,5,0,,,,,,,,,,,,
123,6,1.2,6,-1,,,,,,,,,,,,
123,7,2,7,-1,,,,,,,,,,,,
124,0,0,0,0,,,,,,,,,,,,
124,1,0,1,0,,,,,,,,,,,,
124,2,1,2,0,,,,,,,,,,,,
124,3,1.8,3,0,,,,,,,,,,,,
124,4,0.2,4,0,,,,,,,,,,,,
124,5,1,5,0,,,,,,,,,,,,
124,6,1.2,6,-1,,,,,,,,,,,,
124,7,2,7,-1,,,,,,,,,,,,
125,0,0,0,0,,,,,,,,,,,,
125,1,0,1,0,,,,,,,,,,,,
125,2,1,2,0,,,,,,,,,,,,
125,3,1.8,3,0,,,,,,,,,,,,
125,4,0.2,4,0,,,,,,,,,,,,
125,5,1,5,0,,,,,,,,,,,,
125,6,1.2,6,-1,,,,,,,,,,,,
125,7,2,7,-1,,,,,,,,,,,,
126,0,0,0,0,,,,,,,,,,,,
126,1,0,1,0,,,,,,,,,,,,
126,2,1,2,0,,,,,,,,,,,,
126,3,1.8,3,0,,,,,,,,,,,,
126,4,0.2,4,0,,,,,,,,,,,,
126,5,1,5,0,,,,,,,,,,,,
126,6,1.2,6,-1,,,,,,,,,,,,
126,7,2,7,-1,,,,,,,,,,,,
127,0,0,0,0,,,,,,,,,,,,
127,1,0,1,0,,,,,,,,,,,,
127,2,1,2,0,,,,,,,,,,,,
127,3,1.8,3,0,,,,,,,,,,,,
127,4,0.2,4,0,,,,,,,,,,,,
127,5,1,5,0,,,,,,,,,,,,
127,6,1.2,6,-1,,,,,,,,,,,,
127,7,2,7,-1,,,,,,,,,,,,
128,0,0,0,0,,,,,,,,,,,,
128,1,0,1,0,,,,,,,,,,,,
128,2,1,2,0,,,,,,,,,,,,
128,3,1.8,3,0,,,,,,,,,,,,
128,4,0.2,4,0,,,,,,,,,,,,
128,5,1,5,0,,,,,,,,,,,,
128,6,1.2,6,-1,,,,,,,,,,,,
128,7,2,7,-1,,,,,,,,,,,,
129,0,0,0,0,,,,,,,,,,,,
129,1,0,1,0,,,,,,,,,,,,
129,2,1,2,0,,,,,,,,,,,,
129,3,1.8,3,0,,,,,,,,,,,,
129,4,0.2,4,0,,,,,,,,,,,,
129,5,1,5,0,,,,,,,,,,,,
129,6,1.2,6,-1,,,,,,,,,,,,
129,7,2,7,-1,,,,,,,,,,,,
130,0,0,0,0,,,,,,,,,,,,
130,1,0,1,0,,,,,,,,,,,,
130,2,1,2,0,,,,,,,,,,,,
130,3,1.8,3,0,,,,,,,,,,,,
130,4,0.2,4,0,,,,,,,,,,,,
130,5,1,5,0,,,,,,,,,,,,
130,6,1.2,6,-1,,,,,,,,,,,,
130,7,2,7,-1,,,,,,,,,,,,
131,0,0,0,0,,,,,,,,,,,,
131,1,0,1,0,,,,,,,,,,,,
131,2,1,2,0,,,,,,,,,,,,
131,3,1.8,3,0,,,,,,,,,,,,
131,4,0.2,4,0,,,,,,,,,,,,
131,5,1,5,0,,,,,,,,,,,,
131,6,1.2,6,-1,,,,,,,,,,,,
131,7,2,7,-1,,,,,,,,,,,,
132,0,0,0,0,,,,,,,,,,,,
132,1,0,1,0,,,,,,,,,,,,
132,2,1,2,0,,,,,,,,,,,,
132,3,1.8,3,0,,,,,,,,,,,,
132,4,0.2,4,0,,,,,,,,,,,,
132,5,1,5,0,,,,,,,,,,,,
132,6,1.2,6,-1,,,,,,,,,,,,
132,7,2,7,-1,,,,,,,,,,,,
133,0,0,0,0,,,,,,,,,,,,
133,1,0,1,0,,,,,,,,,,,,
133,2,1,2,0,,,,,,,,,,,,
133,3,1.8,3,0,,,,,,,,,,,,
133,4,0.2,4,0,,,,,,,,,,,,
133,5,1,5,0,,,,,,,,,,,,
133,6,1.2,6,-1,,,,,,,,,,,,
133,7,2,7,-1,,,,,,,,,,,,
134,0,0,0,0,,,,,,,,,,,,
134,1,0,1,0,,,,,,,,,,,,
134,2,1,2,0,,,,,,,,,,,,
134,3,1.8,3,0,,,,,,,,,,,,
134,4,0.2,4,0,,,,,,,,,,,,
134,5,1,5,0,,,,,,,,,,,,
134,6,1.2,6,-1,,,,,,,,,,,,
134,7,2,7,-1,,,,,,,,,,,,
135,0,0,0,0,,,,,,,,,,,,
135,1,0,1,0,,,,,,,,,,,,
135,2,1,2,0,,,,,,,,,,,,
135,3,1.8,3,0,,,,,,,,,,,,
135,4,0.2,4,0,,,,,,,,,,,,
135,5,1,5,0,,,,,,,,,,,,
135,6,1.2,6,-1,,,,,,,,,,,,
135,7,2,7,-1,,,,,,,,,,,,
136,0,0,0,0,,,,,,,,,,,,
136,1,0,1,0,,,,,,,,,,,,
136,2,1,2,0,,,,,,,,,,,,
136,3,1.8,3,0,,,,,,,,,,,,
136,4,0.2,4,0,,,,,,,,,,,,
136,5,1,5,0,,,,,,,,,,,,
136,6,1.2,6,-1,,,,,,,,,,,,
136,7,2,7,-1,,,,,,,,,,,,
137,0,0,0,0,,,,,,,,,,,,
137,1,0,1,0,,,,,,,,,,,,
137,2,1,2,0,,,,,,,,,,,,
137,3,1.8,3,0,,,,,,,,,,,,
137,4,0.2,4,0,,,,,,,,,,,,
137,5,1,5,0,,,,,,,,,,,,
137,6,1.2,6,-1,,,,,,,,,,,,
137,7,2,7,-1,,,,,,,,,,,,
138,0,0,0,0,,,,,,,,,,,,
138,1,0,1,0,,,,,,,,,,,,
138,2,1,2,0,,,,,,,,,,,,
138,3,1.8,3,0,,,,,,,,,,,,
138,4,0.2,4,0,,,,,,,,,,,,
138,5,1,5,0,,,,,,,,,,,,
138,6,1.2,6,-1,,,,,,,,,,,,
138,7,2,7,-1,,,,,,,,,,,,
139,0,0,0,0,,,,,,,,,,,,
139,1,0,1,0,,,,,,,,,,,,
139,2,1,2,0,,,,,,,,,,,,
139,3,1.8,3,0,,,,,,,,,,,,
139,4,0.2,4,0,,,,,,,,,,,,
139,5,1,5,0,,,,,,,,,,,,
139,6,1.2,6,-1,,,,,,,,,,,,
139,7,2,7,-1,,,,,,,,,,,,
140,0,0,0,0,,,,,,,,,,,,
140,1,0,1,0,,,,,,,,,,,,
140,2,1,2,0,,,,,,,,,,,,
140,3,1.8,3,0,,,,,,,,,,,,
140,4,0.2,4,0,,,,,,,,,,,,
140,5,1,5,0,,,,,,,,,,,,
140,6,1.2,6,-1,,,,,,,,,,,,
140,7,2,7,-1,,,,,,,,,,,,
141,0,0,0,0,,,,,,,,,,,,
141,1,0,1,0,,,,,,,,,,,,
141,2,1,2,0,,,,,,,,,,,,
141,3,1.8,3,0,,,,,,,,,,,,
141,4,0.2,4,0,,,,,,,,,,,,
141,5,1,5,0,,,,,,,,,,,,
141,6,1.2,6,-1,,,,,,,,,,,,
141,7,2,7,-1,,,,,,,,,,,,
142,0,0,0,0,,,,,,,,,,,,
142,1,0,1,0,,,,,,,,,,,,
142,2,1,2,0,,,,,,,,,,,,
142,3,1.8,3,0,,,,,,,,,,,,
142,4,0.2,4,0,,,,,,,,,,,,
142,5,1,5,0,,,,,,,,,,,,
142,6,1.2,6,-1,,,,,,,,,,,,
142,7,2,7,-1,,,,,,,,,,,,
143,0,0,0,0,,,,,,,,,,,,
143,1,0,1,0,,,,,,,,,,,,
143,2,1,2,0,,,,,,,,,,,,
143,3,1.8,3,0,,,,,,,,,,,,
143,4,0.2,4,0,,,,,,,,,,,,
143,5,1,5,0,,,,,,,,,,,,
143,6,1.2,6,-1,,,,,,,,,,,,
143,7,2,7,-1,,,,,,,,,,,,
144,0,0,0,0,,,,,,,,,,,,
144,1,0,1,0,,,,,,,,,,,,
144,2,1,2,0,,,,,,,,,,,,
144,3,1.8,3,0,,,,,,,,,,,,
144,4,0.2,4,0,,,,,,,,,,,,
144,5,1,5,0,,,,,,,,,,,,
144,6,1.2,6,-1,,,,,,,,,,,,
144,7,2,7,-1,,,,,,,,,,,,
145,0,0,0,0,,,,,,,,,,,,
145,1,0,1,0,,,,,,,,,,,,
145,2,1,2,0,,,,,,,,,,,,
145,3,1.8,3,0,,,,,,,,,,,,
145,4,0.2,4,0,,,,,,,,,,,,
145,5,1,5,0,,,,,,,,,,,,
145,6,1.2,6,-1,,,,,,,,,,,,
145,7,2,7,-1,,,,,,,,,,,,
146,0,0,0,0,,,,,,,,,,,,
146,1,0,1,0,,,,,,,,,,,,
146,2,1,2,0,,,,,,,,,,,,
146,3,1.8,3,0,,,,,,,,,,,,
146,4,0.2,4,0,,,,,,,,,,,,
146,5,1,5,0,,,,,,,,,,,,
146,6,1.2,6,-1,,,,,,,,,,,,
146,7,2,7,-1,,,,,,,,,,,,
147,0,0,0,0,,,,,,,,,,,,
147,1,0,1,0,,,,,,,,,,,,
147,2,1,2,0,,,,,,,,,,,,
147,3,1.8,3,0,,,,,,,,,,,,
147,4,0.2,4,0,,,,,,,,,,,,
147,5,1,5,0,,,,,,,,,,,,
147,6,1.2,6,-1,,,,,,,,,,,,
147,7,2,7,-1,,,,,,,,,,,,
148,0,0,0,0,,,,,,,,,,,,
148,1,0,1,0,,,,,,,,,,,,
148,2,1,2,0,,,,,,,,,,,,
148,3,1.8,3,0,,,,,,,,,,,,
148,4,0.2,4,0,,,,,,,,,,,,
148,5,1,5,0,,,,,,,,,,,,
148,6,1.2,6,-1,,,,,,,,,,,,
148,7,2,7,-1,,,,,,,,,,,,
149,0,0,0,0,,,,,,,,,,,,
149,1,0,1,0,,,,,,,,,,,,
149,2,1,2,0,,,,,,,,,,,,
149,3,1.8,3,0,,,,,,,,,,,,
149,4,0.2,4,0,,,,,,,,,,,,
149,5,1,5,0,,,,,,,,,,,,
149,6,1.2,6,-1,,,,,,,,,,,,
149,7,2,7,-1,,,,,,,,,,,,
150,0,0,0,0,,,,,,,,,,,,
150,1,0,1,0,,,,,,,,,,,,
150,2,1,2,0,,,,,,,,,,,,
150,3,1.8,3,0,,,,,,,,,,,,
150,4,0.2,4,0,,,,,,,,,,,,
150,5,1,5,0,,,,,,,,,,,,
150,6,1.2,6,-1,,,,,,,,,,,,
150,7,2,7,-1,,,,,,,,,,,,
151,0,0,0,0,,,,,,,,,,,,
151,1,0,1,0,,,,,,,,,,,,
151,2,1,2,0,,,,,,,,,,,,
151,3,1.8,3,0,,,,,,,,,,,,
151,4,0.2,4,0,,,,,,,,,,,,
151,5,1,5,0,,,,,,,,,,,,
151,6,1.2,6,-1,,,,,,,,,,,,
151,7,2,7,-1,,,,,,,,,,,,
152,0,0,0,0,,,,,,,,,,,,
152,1,0,1,0,,,,,,,,,,,,
152,2,1,2,0,,,,,,,,,,,,
152,3,1.8,3,0,,,,,,,,,,,,
152,4,0.2,4,0,,,,,,,,,,,,
152,5,1,5,0,,,,,,,,,,,,
152,6,1.2,6,-1,,,,,,,,,,,,
152,7,2,7,-1,,,,,,,,,,,,
153,0,0,0,0,,,,,,,,,,,,
153,1,0,1,0,,,,,,,,,,,,
153,2,1,2,0,,,,,,,,,,,,
153,3,1.8,3,0,,,,,,,,,,,,
153,4,0.2,4,0,,,,,,,,,,,,
153,5,1,5,0,,,,,,,,,,,,
153,6,1.2,6,-1,,,,,,,,,,,,
153,7,2,7,-1,,,,,,,,,,,,
154,0,0,0,0,,,,,,,,,,,,
154,1,0,1,0,,,,,,,,,,,,
154,2,1,2,0,,,,,,,,,,,,
154,3,1.8,3,0,,,,,,,,,,,,
154,4,0.2,4,0,,,,,,,,,,,,
154,5,1,5,0,,,,,,,,,,,,
154,6,1.2,6,-1,,,,,,,,,,,,
154,7,2,7,-1,,,,,,,,,,,,
155,0,0,0,0,,,,,,,,,,,,
155,1,0,1,0,,,,,,,,,,,,
155,2,1,2,0,,,,,,,,,,,,
155,3,1.8,3,0,,,,,,,,,,,,
155,4,0.2,4,0,,,,,,,,,,,,
155,5,1,5,0,,,,,,,,,,,,
155,6,1.2,6,-1,,,,,,,,,,,,
155,7,2,7,-1,,,,,,,,,,,,
156,0,0,0,0,,,,,,,,,,,,
156,1,0,1,0,,,,,,,,,,,,
156,2,1,2,0,,,,,,,,,,,,
156,3,1.8,3,0,,,,,,,,,,,,
156,4,0.2,4,0,,,,,,,,,,,,
156,5,1,5,0,,,,,,,,,,,,
156,6,1.2,6,-1,,,,,,,,,,,,
156,7,2,7,-1,,,,,,,,,,,,
157,0,0,0,0,,,,,,,,,,,,
157,1,0,1,0,,,,,,,,,,,,
157,2,1,2,0,,,,,,,,,,,,
157,3,1.8,3,0,,,,,,,,,,,,
157,4,0.2,4,0,,,,,,,,,,,,
157,5,1,5,0,,,,,,,,,,,,
157,6,1.2,6,-1,,,,,,,,,,,,
157,7,2,7,-1,,,,,,,,,,,,
158,0,0,0,0,,,,,,,,,,,,
158,1,0,1,0,,,,,,,,,,,,
158,2,1,2,0,,,,,,,,,,,,
158,3,1.8,3,0,,,,,,,,,,,,
158,4,0.2,4,0,,,,,,,,,,,,
158,5,1,5,0,,,,,,,,,,,,
158,6,1.2,6,-1,,,,,,,,,,,,
158,7,2,7,-1,,,,,,,,,,,,
159,0,0,0,0,,,,,,,,,,,,
159,1,0,1,0,,,,,,,,,,,,
159,2,1,2,0,,,,,,,,,,,,
159,3,1.8,3,0,,,,,,,,,,,,
159,4,0.2,4,0,,,,,,,,,,,,
159,5,1,5,0,,,,,,,,,,,,
159,6,1.2,6,-1,,,,,,,,,,,,
159,7,2,7,-1,,,,,,,,,,,,
160,0,0,0,0,,,,,,,,,,,,
160,1,0,1,0,,,,,,,,,,,,
160,2,1,2,0,,,,,,,,,,,,
160,3,1.8,3,0,,,,,,,,,,,,
160,4,0.2,4,0,,,,,,,,,,,,
160,5,1,5,0,,,,,,,,,,,,
160,6,1.2,6,-1,,,,,,,,,,,,
160,7,2,7,-1,,,,,,,,,,,,
161,0,0,0,0,,,,,,,,,,,,
161,1,0,1,0,,,,,,,,,,,,
161,2,1,2,0,,,,,,,,,,,,
161,3,1.8,3,0,,,,,,,,,,,,
161,4,0.2,4,0,,,,,,,,,,,,
161,5,1,5,0,,,,,,,,,,,,
161,6,1.2,6,-1,,,,,,,,,,,,
161,7,2,7,-1,,,,,,,,,,,,
162,0,0,0,0,,,,,,,,,,,,
162,1,0,1,0,,,,,,,,,,,,
162,2,1,2,0,,,,,,,,,,,,
162,3,1.8,3,0,,,,,,,,,,,,
162,4,0.2,4,0,,,,,,,,,,,,
162,5,1,5,0,,,,,,,,,,,,
162,6,1.2,6,-1,,,,,,,,,,,,
162,7,2,7,-1,,,,,,,,,,,,
163,0,0,0,0,,,,,,,,,,,,
163,1,0,1,0,,,,,,,,,,,,
163,2,1,2,0,,,,,,,,,,,,
163,3,1.8,3,0,,,,,,,,,,,,
163,4,0.2,4,0,,,,,,,,,,,,
163,5,1,5,0,,,,,,,,,,,,
163,6,1.2,6,-1,,,,,,,,,,,,
163,7,2,7,-1,,,,,,,,,,,,
164,0,0,0,0,,,,,,,,,,,,
164,1,0,1,0,,,,,,,,,,,,
164,2,1,2,0,,,,,,,,,,,,
164,3,1.8,3,0,,,,,,,,,,,,
164,4,0.2,4,0,,,,,,,,,,,,
164,5,1,5,0,,,,,,,,,,,,
164,6,1.2,6,-1,,,,,,,,,,,,
164,7,2,7,-1,,,,,,,,,,,,
165,0,0,0,0,,,,,,,,,,,,
165,1,0,1,0,,,,,,,,,,,,
165,2,1,2,0,,,,,,,,,,,,
165,3,1.8,3,0,,,,,,,,,,,,
165,4,0.2,4,0,,,,,,,,,,,,
165,5,1,5,0,,,,,,,,,,,,
165,6,1.2,6,-1,,,,,,,,,,,,
165,7,2,7,-1,,,,,,,,,,,,
166,0,0,0,0,,,,,,,,,,,,
166,1,0,1,0,,,,,,,,,,,,
166,2,1,2,0,,,,,,,,,,,,
166,3,1.8,3,0,,,,,,,,,,,,
166,4,0.2,4,0,,,,,,,,,,,,
166,5,1,5,0,,,,,,,,,,,,
166,6,1.2,6,-1,,,,,,,,,,,,
166,7,2,7,-1,,,,,,,,,,,,
167,0,0,0,0,,,,,,,,,,,,
167,1,0,1,0,,,,,,,,,,,,
167,2,1,2,0,,,,,,,,,,,,
167,3,1.8,3,0,,,,,,,,,,,,
167,4,0.2,4,0,,,,,,,,,,,,
167,5,1,5,0,,,,,,,,,,,,
167,6,1.2,6,-1,,,,,,,,,,,,
167,7,2,7,-1,,,,,,,,,,,,
168,0,0,0,0,,,,,,,,,,,,
168,1,0,1,0,,,,,,,,,,,,
168,2,1,2,0,,,,,,,,,,,,
168,3,1.8,3,0,,,,,,,,,,,,
168,4,0.2,4,0,,,,,,,,,,,,
168,5,1,5,0,,,,,,,,,,,,
168,6,1.2,6,-1,,,,,,,,,,,,
168,7,2,7,-1,,,,,,,,,,,,
169,0,0,0,0,,,,,,,,,,,,
169,1,0,1,0,,,,,,,,,,,,
169,2,1,2,0,,,,,,,,,,,,
169,3,1.8,3,0,,,,,,,,,,,,
169,4,0.2,4,0,,,,,,,,,,,,
169,5,1,5,0,,,,,,,,,,,,
169,6,1.2,6,-1,,,,,,,,,,,,
169,7,2,7,-1,,,,,,,,,,,,
170,0,0,0,0,,,,,,,,,,,,
170,1,0,1,0,,,,,,,,,,,,
170,2,1,2,0,,,,,,,,,,,,
170,3,1.8,3,0,,,,,,,,,,,,
170,4,0.2,4,0,,,,,,,,,,,,
170,5,1,5,0,,,,,,,,,,,,
170,6,1.2,6,-1,,,,,,,,,,,,
170,7,2,7,-1,,,,,,,,,,,,
171,0,0,0,0,,,,,,,,,,,,
171,1,0,1,0,,,,,,,,,,,,
171,2,1,2,0,,,,,,,,,,,,
171,3,1.8,3,0,,,,,,,,,,,,
171,4,0.2,4,0,,,,,,,,,,,,
171,5,1,5,0,,,,,,,,,,,,
171,6,1.2,6,-1,,,,,,,,,,,,
171,7,2,7,-1,,,,,,,,,,,,
172,0,0,0,0,,,,,,,,,,,,
172,1,0,1,0,,,,,,,,,,,,
172,2,1,2,0,,,,,,,,,,,,
172,3,1.8,3,0,,,,,,,,,,,,
172,4,0.2,4,0,,,,,,,,,,,,
172,5,1,5,0,,,,,,,,,,,,
172,6,1.2,6,-1,,,,,,,,,,,,
172,7,2,7,-1,,,,,,,,,,,,
173,0,0,0,0,,,,,,,,,,,,
173,1,0,1,0,,,,,,,,,,,,
173,2,1,2,0,,,,,,,,,,,,
173,3,1.8,3,0,,,,,,,,,,,,
173,4,0.2,4,0,,,,,,,,,,,,
173,5,1,5,0,,,,,,,,,,,,
173,6,1.2,6,-1,,,,,,,,,,,,
173,7,2,7,-1,,,,,,,,,,,,
174,0,0,0,0,,,,,,,,,,,,
174,1,0,1,0,,,,,,,,,,,,
174,2,1,2,0,,,,,,,,,,,,
174,3,1.8,3,0,,,,,,,,,,,,
174,4,0.2,4,0,,,,,,,,,,,,
174,5,1,5,0,,,,,,,,,,,,
174,6,1.2,6,-1,,,,,,,,,,,,
174,7,2,7,-1,,,,,,,,,,,,
175,0,0,0,0,,,,,,,,,,,,
175,1,0,1,0,,,,,,,,,,,,
175,2,1,2,0,,,,,,,,,,,,
175,3,1.8,3,0,,,,,,,,,,,,
175,4,0.2,4,0,,,,,,,,,,,,
175,5,1,5,0,,,,,,,,,,,,
175,6,1.2,6,-1,,,,,,,,,,,,
175,7,2,7,-1,,,,,,,,,,,,
176,0,0,0,0,,,,,,,,,,,,
176,1,0,1,0,,,,,,,,,,,,
176,2,1,2,0,,,,,,,,,,,,
176,3,1.8,3,0,,,,,,,,,,,,
176,4,0.2,4,0,,,,,,,,,,,,
176,5,1,5,0,,,,,,,,,,,,
176,6,1.2,6,-1,,,,,,,,,,,,
176,7,2,7,-1,,,,,,,,,,,,
177,0,0,0,0,,,,,,,,,,,,
177,1,0,1,0,,,,,,,,,,,,
177,2,1,2,0,,,,,,,,,,,,
177,3,1.8,3,0,,,,,,,,,,,,
177,4,0.2,4,0,,,,,,,,,,,,
177,5,1,5,0,,,,,,,,,,,,
177,6,1.2,6,-1,,,,,,,,,,,,
177,7,2,7,-1,,,,,,,,,,,,
178,0,0,0,0,,,,,,,,,,,,
178,1,0,1,0,,,,,,,,,,,,
178,2,1,2,0,,,,,,,,,,,,
178,3,1.8,3,0,,,,,,,,,,,,
178,4,0.2,4,0,,,,,,,,,,,,
178,5,1,5,0,,,,,,,,,,,,
178,6,1.2,6,-1,,,,,,,,,,,,
178,7,2,7,-1,,,,,,,,,,,,
179,0,0,0,0,,,,,,,,,,,,
179,1,0,1,0,,,,,,,,,,,,
179,2,1,2,0,,,,,,,,,,,,
179,3,1.8,3,0,,,,,,,,,,,,
179,4,0.2,4,0,,,,,,,,,,,,
179,5,1,5,0,,,,,,,,,,,,
179,6,1.2,6,-1,,,,,,,,,,,,
179,7,2,7,-1,,,,,,,,,,,,
180,0,0,0,0,,,,,,,,,,,,
180,1,0,1,0,,,,,,,,,,,,
180,2,1,2,0,,,,,,,,,,,,
180,3,1.8,3,0,,,,,,,,,,,,
180,4,0.2,4,0,,,,,,,,,,,,
180,5,1,5,0,,,,,,,,,,,,
180,6,1.2,6,-1,,,,,,,,,,,,
180,7,2,7,-1,,,,,,,,,,,,
181,0,0,0,0,,,,,,,,,,,,
181,1,0,1,0,,,,,,,,,,,,
181,2,1,2,0,,,,,,,,,,,,
181,3,1.8,3,0,,,,,,,,,,,,
181,4,0.2,4,0,,,,,,,,,,,,
181,5,1,5,0,,,,,,,,,,,,
181,6,1.2,6,-1,,,,,,,,,,,,
181,7,2,7,-1,,,,,,,,,,,,
182,0,0,0,0,,,,,,,,,,,,
182,1,0,1,0,,,,,,,,,,,,
182,2,1,2,0,,,,,,,,,,,,
182,3,1.8,3,0,,,,,,,,,,,,
182,4,0.2,4,0,,,,,,,,,,,,
182,5,1,5,0,,,,,,,,,,,,
182,6,1.2,6,-1,,,,,,,,,,,,
182,7,2,7,-1,,,,,,,,,,,,
183,0,0,0,0,,,,,,,,,,,,
183,1,0,1,0,,,,,,,,,,,,
183,2,1,2,0,,,,,,,,,,,,
183,3,1.8,3,0,,,,,,,,,,,,
183,4,0.2,4,0,,,,,,,,,,,,
183,5,1,5,0,,,,,,,,,,,,
183,6,1.2,6,-1,,,,,,,,,,,,
183,7,2,7,-1,,,,,,,,,,,,
184,0,0,0,0,,,,,,,,,,,,
184,1,0,1,0,,,,,,,,,,,,
184,2,1,2,0,,,,,,,,,,,,
184,3,1.8,3,0,,,,,,,,,,,,
184,4,0.2,4,0,,,,,,,,,,,,
184,5,1,5,0,,,,,,,,,,,,
184,6,1.2,6,-1,,,,,,,,,,,,
184,7,2,7,-1,,,,,,,,,,,,
185,0,0,0,0,,,,,,,,,,,,
185,1,0,1,0,,,,,,,,,,,,
185,2,1,2,0,,,,,,,,,,,,
185,3,1.8,3,0,,,,,,,,,,,,
185,4,0.2,4,0,,,,,,,,,,,,
185,5,1,5,0,,,,,,,,,,,,
185,6,1.2,6,-1,,,,,,,,,,,,
185,7,2,7,-1,,,,,,,,,,,,
186,0,0,0,0,,,,,,,,,,,,
186,1,0,1,0,,,,,,,,,,,,
186,2,1,2,0,,,,,,,,,,,,
186,3,1.8,3,0,,,,,,,,,,,,
186,4,0.2,4,0,,,,,,,,,,,,
186,5,1,5,0,,,,,,,,,,,,
186,6,1.2,6,-1,,,,,,,,,,,,
186,7,2,7,-1,,,,,,,,,,,,
187,0,0,0,0,,,,,,,,,,,,
187,1,0,1,0,,,,,,,,,,,,
187,2,1,2,0,,,,,,,,,,,,
187,3,1.8,3,0,,,,,,,,,,,,
187,4,0.2,4,0,,,,,,,,,,,,
187,5,1,5,0,,,,,,,,,,,,
187,6,1.2,6,-1,,,,,,,,,,,,
187,7,2,7,-1,,,,,,,,,,,,
188,0,0,0,0,,,,,,,,,,,,
188,1,0,1,0,,,,,,,,,,,,
188,2,1,2,0,,,,,,,,,,,,
188,3,1.8,3,0,,,,,,,,,,,,
188,4,0.2,4,0,,,,,,,,,,,,
188,5,1,5,0,,,,,,,,,,,,
188,6,1.2,6,-1,,,,,,,,,,,,
188,7,2,7,-1,,,,,,,,,,,,
189,0,0,0,0,,,,,,,,,,,,
189,1,0,1,0,,,,,,,,,,,,
189,2,1,2,0,,,,,,,,,,,,
189,3,1.8,3,0,,,,,,,,,,,,
189,4,0.2,4,0,,,,,,,,,,,,
189,5,1,5,0,,,,,,,,,,,,
189,6,1.2,6,-1,,,,,,,,,,,,
189,7,2,7,-1,,,,,,,,,,,,
190,0,0,0,0,,,,,,,,,,,,
190,1,0,1,0,,,,,,,,,,,,
190,2,1,2,0,,,,,,,,,,,,
190,3,1.8,3,0,,,,,,,,,,,,
190,4,0.2,4,0,,,,,,,,,,,,
190,5,1,5,0,,,,,,,,,,,,
190,6,1.2,6,-1,,,,,,,,,,,,
190,7,2,7,-1,,,,,,,,,,,,
191,0,0,0,0,,,,,,,,,,,,
191,1,0,1,0,,,,,,,,,,,,
191,2,1,2,0,,,,,,,,,,,,
191,3,1.8,3,0,,,,,,,,,,,,
191,4,0.2,4,0,,,,,,,,,,,,
191,5,1,5,0,,,,,,,,,,,,
191,6,1.2,6,-1,,,,,,,,,,,,
191,7,2,7,-1,,,,,,,,,,,,
192,0,0,0,0,,,,,,,,,,,,
192,1,0,1,0,,,,,,,,,,,,
192,2,1,2,0,,,,,,,,,,,,
192,3,1.8,3,0,,,,,,,,,,,,
192,4,0.2,4,0,,,,,,,,,,,,
192,5,1,5,0,,,,,,,,,,,,
192,6,1.2,6,-1,,,,,,,,,,,,
192,7,2,7,-1,,,,,,,,,,,,
193,0,0,0,0,,,,,,,,,,,,
193,1,0,1,0,,,,,,,,,,,,
193,2,1,2,0,,,,,,,,,,,,
193,3,1.8,3,0,,,,,,,,,,,,
193,4,0.2,4,0,,,,,,,,,,,,
193,5,1,5,0,,,,,,,,,,,,
193,6,1.2,6,-1,,,,,,,,,,,,
193,7,2,7,-1,,,,,,,,,,,,
194,0,0,0,0,,,,,,,,,,,,
194,1,0,1,0,,,,,,,,,,,,
194,2,1,2,0,,,,,,,,,,,,
194,3,1.8,3,0,,,,,,,,,,,,
194,4,0.2,4,0,,,,,,,,,,,,
194,5,1,5,0,,,,,,,,,,,,
194,6,1.2,6,-1,,,,,,,,,,,,
194,7,2,7,-1,,,,,,,,,,,,
195,0,0,0,0,,,,,,,,,,,,
195,1,0,1,0,,,,,,,,,,,,
195,2,1,2,0,,,,,,,,,,,,
195,3,1.8,3,0,,,,,,,,,,,,
195,4,0.2,4,0,,,,,,,,,,,,
195,5,1,5,0,,,,,,,,,,,,
195,6,1.2,6,-1,,,,,,,,,,,,
195,7,2,7,-1,,,,,,,,,,,,
196,0,0,0,0,,,,,,,,,,,,
196,1,0,1,0,,,,,,,,,,,,
196,2,1,2,0,,,,,,,,,,,,
196,3,1.8,3,0,,,,,,,,,,,,
196,4,0.2,4,0,,,,,,,,,,,,
196,5,1,5,0,,,,,,,,,,,,
196,6,1.2,6,-1,,,,,,,,,,,,
196,7,2,7,-1,,,,,,,,,,,,
197,0,0,0,0,,,,,,,,,,,,
197,1,0,1,0,,,,,,,,,,,,
197,2,1,2,0,,,,,,,,,,,,
197,3,1.8,3,0,,,,,,,,,,,,
197,4,0.2,4,0,,,,,,,,,,,,
197,5,1,5,0,,,,,,,,,,,,
197,6,1.2,6,-1,,,,,,,,,,,,
197,7,2,7,-1,,,,,,,,,,,,
198,0,0,0,0,,,,,,,,,,,,
198,1,0,1,0,,,,,,,,,,,,
198,2,1,2,0,,,,,,,,,,,,
198,3,1.8,3,0,,,,,,,,,,,,
198,4,0.2,4,0,,,,,,,,,,,,
198,5,1,5,0,,,,,,,,,,,,
198,6,1.2,6,-1,,,,,,,,,,,,
198,7,2,7,-1,,,,,,,,,,,,
199,0,0,0,0,,,,,,,,,,,,
199,1,0,1,0,,,,,,,,,,,,
199,2,1,2,0,,,,,,,,,,,,
199,3,1.8,3,0,,,,,,,,,,,,
199,4,0.2,4,0,,,,,,,,,,,,
199,5,1,5,0,,,,,,,,,,,,
199,6,1.2,6,-1,,,,,,,,,,,,
199,7,2,7,-1,,,,,,,,,,,,
200,0,0,0,1,,,,,,,,,,,,
200,1,0,1,1,,,,,,,,,,,,
200,2,0,2,0,,,,,,,,,,,,
200,3,0.8,3,0,,,,,,,,,,,,
200,4,0,4,0,,,,,,,,,,,,
200,5,0,5,0,,,,,,,,,,,,
200,6,1.2,6,0,,,,,,,,,,,,
200,7,2,7,0,,,,,,,,,,,,
201,0,0,0,1,,,,,,,,,,,,
201,1,0,1,1,,,,,,,,,,,,
201,2,0,2,0,,,,,,,,,,,,
201,3,0.8,3,0,,,,,,,,,,,,
201,4,0,4,0,,,,,,,,,,,,
201,5,0,5,0,,,,,,,,,,,,
201,6,1.2,6,0,,,,,,,,,,,,
201,7,2,7,0,,,,,,,,,,,,
202,0,0,0,1,,,,,,,,,,,,
202,1,0,1,1,,,,,,,,,,,,
202,2,0,2,0,,,,,,,,,,,,
202,3,0.8,3,0,,,,,,,,,,,,
202,4,0,4,0,,,,,,,,,,,,
202,5,0,5,0,,,,,,,,,,,,
202,6,1.2,6,0,,,,,,,,,,,,
202,7,2,7,0,,,,,,,,,,,,
203,0,0,0,1,,,,,,,,,,,,
203,1,0,1,1,,,,,,,,,,,,
203,2,0,2,0,,,,,,,,,,,,
203,3,0.8,3,0,,,,,,,,,,,,
203,4,0,4,0,,,,,,,,,,,,
203,5,0,5,0,,,,,,,,,,,,
203,6,1.2,6,0,,,,,,,,,,,,
203,7,2,7,0,,,,,,,,,,,,
204,0,0,0,1,,,,,,,,,,,,
204,1,0,1,1,,,,,,,,,,,,
204,2,0,2,0,,,,,,,,,,,,
204,3,0.8,3,0,,,,,,,,,,,,
204,4,0,4,0,,,,,,,,,,,,
204,5,0,5,0,,,,,,,,,,,,
204,6,1.2,6,0,,,,,,,,,,,,
204,7,2,7,0,,,,,,,,,,,,
205,0,0,0,1,,,,,,,,,,,,
205,1,0,1,1,,,,,,,,,,,,
205,2,0,2,0,,,,,,,,,,,,
205,3,0.8,3,0,,,,,,,,,,,,
205,4,0,4,0,,,,,,,,,,,,
205,5,0,5,0,,,,,,,,,,,,
205,6,1.2,6,0,,,,,,,,,,,,
205,7,2,7,0,,,,,,,,,,,,
206,0,0,0,1,,,,,,,,,,,,
206,1,0,1,1,,,,,,,,,,,,
206,2,0,2,0,,,,,,,,,,,,
206,3,0.8,3,0,,,,,,,,,,,,
206,4,0,4,0,,,,,,,,,,,,
206,5,0,5,0,,,,,,,,,,,,
206,6,1.2,6,0,,,,,,,,,,,,
206,7,2,7,0,,,,,,,,,,,,
207,0,0,0,1,,,,,,,,,,,,
207,1,0,1,1,,,,,,,,,,,,
207,2,0,2,0,,,,,,,,,,,,
207,3,0.8,3,0,,,,,,,,,,,,
207,4,0,4,0,,,,,,,,,,,,
207,5,0,5,0,,,,,,,,,,,,
207,6,1.2,6,0,,,,,,,,,,,,
207,7,2,7,0,,,,,,,,,,,,
208,0,0,0,1,,,,,,,,,,,,
208,1,0,1,1,,,,,,,,,,,,
208,2,0,2,0,,,,,,,,,,,,
208,3,0.8,3,0,,,,,,,,,,,,
208,4,0,4,0,,,,,,,,,,,,
208,5,0,5,0,,,,,,,,,,,,
208,6,1.2,6,0,,,,,,,,,,,,
208,7,2,7,0,,,,,,,,,,,,
209,0,0,0,1,,,,,,,,,,,,
209,1,0,1,1,,,,,,,,,,,,
209,2,0,2,0,,,,,,,,,,,,
209,3,0.8,3,0,,,,,,,,,,,,
209,4,0,4,0,,,,,,,,,,,,
209,5,0,5,0,,,,,,,,,,,,
209,6,1.2,6,0,,,,,,,,,,,,
209,7,2,7,0,,,,,,,,,,,,
210,0,0,0,1,,,,,,,,,,,,
210,1,0,1,1,,,,,,,,,,,,
210,2,0,2,0,,,,,,,,,,,,
210,3,0.8,3,0,,,,,,,,,,,,
210,4,0,4,0,,,,,,,,,,,,
210,5,0,5,0,,,,,,,,,,,,
210,6,1.2,6,0,,,,,,,,,,,,
210,7,2,7,0,,,,,,,,,,,,
211,0,0,0,1,,,,,,,,,,,,
211,1,0,1,1,,,,,,,,,,,,
211,2,0,2,0,,,,,,,,,,,,
211,3,0.8,3,0,,,,,,,,,,,,
211,4,0,4,0,,,,,,,,,,,,
211,5,0,5,0,,,,,,,,,,,,
211,6,1.2,6,0,,,,,,,,,,,,
211,7,2,7,0,,,,,,,,,,,,
212,0,0,0,1,,,,,,,,,,,,
212,1,0,1,1,,,,,,,,,,,,
212,2,0,2,0,,,,,,,,,,,,
212,3,0.8,3,0,,,,,,,,,,,,
212,4,0,4,0,,,,,,,,,,,,
212,5,0,5,0,,,,,,,,,,,,
212,6,1.2,6,0,,,,,,,,,,,,
212,7,2,7,0,,,,,,,,,,,,
213,0,0,0,1,,,,,,,,,,,,
213,1,0,1,1,,,,,,,,,,,,
213,2,0,2,0,,,,,,,,,,,,
213,3,0.8,3,0,,,,,,,,,,,,
213,4,0,4,0,,,,,,,,,,,,
213,5,0,5,0,,,,,,,,,,,,
213,6,1.2,6,0,,,,,,,,,,,,
213,7,2,7,0,,,,,,,,,,,,
214,0,0,0,1,,,,,,,,,,,,
214,1,0,1,1,,,,,,,,,,,,
214,2,0,2,0,,,,,,,,,,,,
214,3,0.8,3,0,,,,,,,,,,,,
214,4,0,4,0,,,,,,,,,,,,
214,5,0,5,0,,,,,,,,,,,,
214,6,1.2,6,0,,,,,,,,,,,,
214,7,2,7,0,,,,,,,,,,,,
215,0,0,0,1,,,,,,,,,,,,
215,1,0,1,1,,,,,,,,,,,,
215,2,0,2,0,,,,,,,,,,,,
215,3,0.8,3,0,,,,,,,,,,,,
215,4,0,4,0,,,,,,,,,,,,
215,5,0,5,0,,,,,,,,,,,,
215,6,1.2,6,0,,,,,,,,,,,,
215,7,2,7,0,,,,,,,,,,,,
216,0,0,0,1,,,,,,,,,,,,
216,1,0,1,1,,,,,,,,,,,,
216,2,0,2,0,,,,,,,,,,,,
216,3,0.8,3,0,,,,,,,,,,,,
216,4,0,4,0,,,,,,,,,,,,
216,5,0,5,0,,,,,,,,,,,,
216,6,1.2,6,0,,,,,,,,,,,,
216,7,2,7,0,,,,,,,,,,,,
217,0,0,0,1,,,,,,,,,,,,
217,1,0,1,1,,,,,,,,,,,,
217,2,0,2,0,,,,,,,,,,,,
217,3,0.8,3,0,,,,,,,,,,,,
217,4,0,4,0,,,,,,,,,,,,
217,5,0,5,0,,,,,,,,,,,,
217,6,1.2,6,0,,,,,,,,,,,,
217,7,2,7,0,,,,,,,,,,,,
218,0,0,0,1,,,,,,,,,,,,
218,1,0,1,1,,,,,,,,,,,,
218,2,0,2,0,,,,,,,,,,,,
218,3,0.8,3,0,,,,,,,,,,,,
218,4,0,4,0,,,,,,,,,,,,
218,5,0,5,0,,,,,,,,,,,,
218,6,1.2,6,0,,,,,,,,,,,,
218,7,2,7,0,,,,,,,,,,,,
219,0,0,0,1,,,,,,,,,,,,
219,1,0,1,1,,,,,,,,,,,,
219,2,0,2,0,,,,,,,,,,,,
219,3,0.8,3,0,,,,,,,,,,,,
219,4,0,4,0,,,,,,,,,,,,
219,5,0,5,0,,,,,,,,,,,,
219,6,1.2,6,0,,,,,,,,,,,,
219,7,2,7,0,,,,,,,,,,,,
220,0,0,0,1,,,,,,,,,,,,
220,1,0,1,1,,,,,,,,,,,,
220,2,0,2,0,,,,,,,,,,,,
220,3,0.8,3,0,,,,,,,,,,,,
220,4,0,4,0,,,,,,,,,,,,
220,5,0,5,0,,,,,,,,,,,,
220,6,1.2,6,0,,,,,,,,,,,,
220,7,2,7,0,,,,,,,,,,,,
221,0,0,0,1,,,,,,,,,,,,
221,1,0,1,1,,,,,,,,,,,,
221,2,0,2,0,,,,,,,,,,,,
221,3,0.8,3,0,,,,,,,,,,,,
221,4,0,4,0,,,,,,,,,,,,
221,5,0,5,0,,,,,,,,,,,,
221,6,1.2,6,0,,,,,,,,,,,,
221,7,2,7,0,,,,,,,,,,,,
222,0,0,0,1,,,,,,,,,,,,
222,1,0,1,1,,,,,,,,,,,,
222,2,0,2,0,,,,,,,,,,,,
222,3,0.8,3,0,,,,,,,,,,,,
222,4,0,4,0,,,,,,,,,,,,
222,5,0,5,0,,,,,,,,,,,,
222,6,1.2,6,0,,,,,,,,,,,,
222,7,2,7,0,,,,,,,,,,,,
223,0,0,0,1,,,,,,,,,,,,
223,1,0,1,1,,,,,,,,,,,,
223,2,0,2,0,,,,,,,,,,,,
223,3,0.8,3,0,,,,,,,,,,,,
223,4,0,4,0,,,,,,,,,,,,
223,5,0,5,0,,,,,,,,,,,,
223,6,1.2,6,0,,,,,,,,,,,,
223,7,2,7,0,,,,,,,,,,,,
224,0,0,0,1,,,,,,,,,,,,
224,1,0,1,1,,,,,,,,,,,,
224,2,0,2,0,,,,,,,,,,,,
224,3,0.8,3,0,,,,,,,,,,,,
224,4,0,4,0,,,,,,,,,,,,
224,5,0,5,0,,,,,,,,,,,,
224,6,1.2,6,0,,,,,,,,,,,,
224,7,2,7,0,,,,,,,,,,,,
225,0,0,0,1,,,,,,,,,,,,
225,1,0,1,1,,,,,,,,,,,,
225,2,0,2,0,,,,,,,,,,,,
225,3,0.8,3,0,,,,,,,,,,,,
225,4,0,4,0,,,,,,,,,,,,
225,5,0,5,0,,,,,,,,,,,,
225,6,1.2,6,0,,,,,,,,,,,,
225,7,2,7,0,,,,,,,,,,,,
226,0,0,0,1,,,,,,,,,,,,
226,1,0,1,1,,,,,,,,,,,,
226,2,0,2,0,,,,,,,,,,,,
226,3,0.8,3,0,,,,,,,,,,,,
226,4,0,4,0,,,,,,,,,,,,
226,5,0,5,0,,,,,,,,,,,,
226,6,1.2,6,0,,,,,,,,,,,,
226,7,2,7,0,,,,,,,,,,,,
227,0,0,0,1,,,,,,,,,,,,
227,1,0,1,1,,,,,,,,,,,,
227,2,0,2,0,,,,,,,,,,,,
227,3,0.8,3,0,,,,,,,,,,,,
227,4,0,4,0,,,,,,,,,,,,
227,5,0,5,0,,,,,,,,,,,,
227,6,1.2,6,0,,,,,,,,,,,,
227,7,2,7,0,,,,,,,,,,,,
228,0,0,0,1,,,,,,,,,,,,
228,1,0,1,1,,,,,,,,,,,,
228,2,0,2,0,,,,,,,,,,,,
228,3,0.8,3,0,,,,,,,,,,,,
228,4,0,4,0,,,,,,,,,,,,
228,5,0,5,0,,,,,,,,,,,,
228,6,1.2,6,0,,,,,,,,,,,,
228,7,2,7,0,,,,,,,,,,,,
229,0,0,0,1,,,,,,,,,,,,
229,1,0,1,1,,,,,,,,,,,,
229,2,0,2,0,,,,,,,,,,,,
229,3,0.8,3,0,,,,,,,,,,,,
229,4,0,4,0,,,,,,,,,,,,
229,5,0,5,0,,,,,,,,,,,,
229,6,1.2,6,0,,,,,,,,,,,,
229,7,2,7,0,,,,,,,,,,,,
230,0,0,0,1,,,,,,,,,,,,
230,1,0,1,1,,,,,,,,,,,,
230,2,0,2,0,,,,,,,,,,,,
230,3,0.8,3,0,,,,,,,,,,,,
230,4,0,4,0,,,,,,,,,,,,
230,5,0,5,0,,,,,,,,,,,,
230,6,1.2,6,0,,,,,,,,,,,,
230,7,2,7,0,,,,,,,,,,,,
231,0,0,0,1,,,,,,,,,,,,
231,1,0,1,1,,,,,,,,,,,,
231,2,0,2,0,,,,,,,,,,,,
231,3,0.8,3,0,,,,,,,,,,,,
231,4,0,4,0,,,,,,,,,,,,
231,5,0,5,0,,,,,,,,,,,,
231,6,1.2,6,0,,,,,,,,,,,,
231,7,2,7,0,,,,,,,,,,,,
232,0,0,0,1,,,,,,,,,,,,
232,1,0,1,1,,,,,,,,,,,,
232,2,0,2,0,,,,,,,,,,,,
232,3,0.8,3,0,,,,,,,,,,,,
232,4,0,4,0,,,,,,,,,,,,
232,5,0,5,0,,,,,,,,,,,,
232,6,1.2,6,0,,,,,,,,,,,,
232,7,2,7,0,,,,,,,,,,,,
233,0,0,0,1,,,,,,,,,,,,
233,1,0,1,1,,,,,,,,,,,,
233,2,0,2,0,,,,,,,,,,,,
233,3,0.8,3,0,,,,,,,,,,,,
233,4,0,4,0,,,,,,,,,,,,
233,5,0,5,0,,,,,,,,,,,,
233,6,1.2,6,0,,,,,,,,,,,,
233,7,2,7,0,,,,,,,,,,,,
234,0,0,0,1,,,,,,,,,,,,
234,1,0,1,1,,,,,,,,,,,,
234,2,0,2,0,,,,,,,,,,,,
234,3,0.8,3,0,,,,,,,,,,,,
234,4,0,4,0,,,,,,,,,,,,
234,5,0,5,0,,,,,,,,,,,,
234,6,1.2,6,0,,,,,,,,,,,,
234,7,2,7,0,,,,,,,,,,,,
235,0,0,0,1,,,,,,,,,,,,
235,1,0,1,1,,,,,,,,,,,,
235,2,0,2,0,,,,,,,,,,,,
235,3,0.8,3,0,,,,,,,,,,,,
235,4,0,4,0,,,,,,,,,,,,
235,5,0,5,0,,,,,,,,,,,,
235,6,1.2,6,0,,,,,,,,,,,,
235,7,2,7,0,,,,,,,,,,,,
236,0,0,0,1,,,,,,,,,,,,
236,1,0,1,1,,,,,,,,,,,,
236,2,0,2,0,,,,,,,,,,,,
236,3,0.8,3,0,,,,,,,,,,,,
236,4,0,4,0,,,,,,,,,,,,
236,5,0,5,0,,,,,,,,,,,,
236,6,1.2,6,0,,,,,,,,,,,,
236,7,2,7,0,,,,,,,,,,,,
237,0,0,0,1,,,,,,,,,,,,
237,1,0,1,1,,,,,,,,,,,,
237,2,0,2,0,,,,,,,,,,,,
237,3,0.8,3,0,,,,,,,,,,,,
237,4,0,4,0,,,,,,,,,,,,
237,5,0,5,0,,,,,,,,,,,,
237,6,1.2,6,0,,,,,,,,,,,,
237,7,2,7,0,,,,,,,,,,,,
238,0,0,0,1,,,,,,,,,,,,
238,1,0,1,1,,,,,,,,,,,,
238,2,0,2,0,,,,,,,,,,,,
238,3,0.8,3,0,,,,,,,,,,,,
238,4,0,4,0,,,,,,,,,,,,
238,5,0,5,0,,,,,,,,,,,,
238,6,1.2,6,0,,,,,,,,,,,,
238,7,2,7,0,,,,,,,,,,,,
239,0,0,0,1,,,,,,,,,,,,
239,1,0,1,1,,,,,,,,,,,,
239,2,0,2,0,,,,,,,,,,,,
239,3,0.8,3,0,,,,,,,,,,,,
239,4,0,4,0,,,,,,,,,,,,
239,5,0,5,0,,,,,,,,,,,,
239,6,1.2,6,0,,,,,,,,,,,,
239,7,2,7,0,,,,,,,,,,,,
240,0,0,0,1,,,,,,,,,,,,
240,1,0,1,1,,,,,,,,,,,,
240,2,0,2,0,,,,,,,,,,,,
240,3,0.8,3,0,,,,,,,,,,,,
240,4,0,4,0,,,,,,,,,,,,
240,5,0,5,0,,,,,,,,,,,,
240,6,1.2,6,0,,,,,,,,,,,,
240,7,2,7,0,,,,,,,,,,,,
241,0,0,0,1,,,,,,,,,,,,
241,1,0,1,1,,,,,,,,,,,,
241,2,0,2,0,,,,,,,,,,,,
241,3,0.8,3,0,,,,,,,,,,,,
241,4,0,4,0,,,,,,,,,,,,
241,5,0,5,0,,,,,,,,,,,,
241,6,1.2,6,0,,,,,,,,,,,,
241,7,2,7,0,,,,,,,,,,,,
242,0,0,0,1,,,,,,,,,,,,
242,1,0,1,1,,,,,,,,,,,,
242,2,0,2,0,,,,,,,,,,,,
242,3,0.8,3,0,,,,,,,,,,,,
242,4,0,4,0,,,,,,,,,,,,
242,5,0,5,0,,,,,,,,,,,,
242,6,1.2,6,0,,,,,,,,,,,,
242,7,2,7,0,,,,,,,,,,,,
243,0,0,0,1,,,,,,,,,,,,
243,1,0,1,1,,,,,,,,,,,,
243,2,0,2,0,,,,,,,,,,,,
243,3,0.8,3,0,,,,,,,,,,,,
243,4,0,4,0,,,,,,,,,,,,
243,5,0,5,0,,,,,,,,,,,,
243,6,1.2,6,0,,,,,,,,,,,,
243,7,2,7,0,,,,,,,,,,,,
244,0,0,0,1,,,,,,,,,,,,
244,1,0,1,1,,,,,,,,,,,,
244,2,0,2,0,,,,,,,,,,,,
244,3,0.8,3,0,,,,,,,,,,,,
244,4,0,4,0,,,,,,,,,,,,
244,5,0,5,0,,,,,,,,,,,,
244,6,1.2,6,0,,,,,,,,,,,,
244,7,2,7,0,,,,,,,,,,,,
245,0,0,0,1,,,,,,,,,,,,
245,1,0,1,1,,,,,,,,,,,,
245,2,0,2,0,,,,,,,,,,,,
245,3,0.8,3,0,,,,,,,,,,,,
245,4,0,4,0,,,,,,,,,,,,
245,5,0,5,0,,,,,,,,,,,,
245,6,1.2,6,0,,,,,,,,,,,,
245,7,2,7,0,,,,,,,,,,,,
246,0,0,0,1,,,,,,,,,,,,
246,1,0,1,1,,,,,,,,,,,,
246,2,0,2,0,,,,,,,,,,,,
246,3,0.8,3,0,,,,,,,,,,,,
246,4,0,4,0,,,,,,,,,,,,
246,5,0,5,0,,,,,,,,,,,,
246,6,1.2,6,0,,,,,,,,,,,,
246,7,2,7,0,,,,,,,,,,,,
247,0,0,0,1,,,,,,,,,,,,
247,1,0,1,1,,,,,,,,,,,,
247,2,0,2,0,,,,,,,,,,,,
247,3,0.8,3,0,,,,,,,,,,,,
247,4,0,4,0,,,,,,,,,,,,
247,5,0,5,0,,,,,,,,,,,,
247,6,1.2,6,0,,,,,,,,,,,,
247,7,2,7,0,,,,,,,,,,,,
248,0,0,0,1,,,,,,,,,,,,
248,1,0,1,1,,,,,,,,,,,,
248,2,0,2,0,,,,,,,,,,,,
248,3,0.8,3,0,,,,,,,,,,,,
248,4,0,4,0,,,,,,,,,,,,
248,5,0,5,0,,,,,,,,,,,,
248,6,1.2,6,0,,,,,,,,,,,,
248,7,2,7,0,,,,,,,,,,,,
249,0,0,0,1,,,,,,,,,,,,
249,1,0,1,1,,,,,,,,,,,,
249,2,0,2,0,,,,,,,,,,,,
249,3,0.8,3,0,,,,,,,,,,,,
249,4,0,4,0,,,,,,,,,,,,
249,5,0,5,0,,,,,,,,,,,,
249,6,1.2,6,0,,,,,,,,,,,,
249,7,2,7,0,,,,,,,,,,,,
250,0,0,0,1,,,,,,,,,,,,
250,1,0,1,1,,,,,,,,,,,,
250,2,0,2,0,,,,,,,,,,,,
250,3,0.8,3,0,,,,,,,,,,,,
250,4,0,4,0,,,,,,,,,,,,
250,5,0,5,0,,,,,,,,,,,,
250,6,1.2,6,0,,,,,,,,,,,,
250,7,2,7,0,,,,,,,,,,,,
251,0,0,0,1,,,,,,,,,,,,
251,1,0,1,1,,,,,,,,,,,,
251,2,0,2,0,,,,,,,,,,,,
251,3,0.8,3,0,,,,,,,,,,,,
251,4,0,4,0,,,,,,,,,,,,
251,5,0,5,0,,,,,,,,,,,,
251,6,1.2,6,0,,,,,,,,,,,,
251,7,2,7,0,,,,,,,,,,,,
252,0,0,0,1,,,,,,,,,,,,
252,1,0,1,1,,,,,,,,,,,,
252,2,0,2,0,,,,,,,,,,,,
252,3,0.8,3,0,,,,,,,,,,,,
252,4,0,4,0,,,,,,,,,,,,
252,5,0,5,0,,,,,,,,,,,,
252,6,1.2,6,0,,,,,,,,,,,,
252,7,2,7,0,,,,,,,,,,,,
253,0,0,0,1,,,,,,,,,,,,
253,1,0,1,1,,,,,,,,,,,,
253,2,0,2,0,,,,,,,,,,,,
253,3,0.8,3,0,,,,,,,,,,,,
253,4,0,4,0,,,,,,,,,,,,
253,5,0,5,0,,,,,,,,,,,,
253,6,1.2,6,0,,,,,,,,,,,,
253,7,2,7,0,,,,,,,,,,,,
254,0,0,0,1,,,,,,,,,,,,
254,1,0,1,1,,,,,,,,,,,,
254,2,0,2,0,,,,,,,,,,,,
254,3,0.8,3,0,,,,,,,,,,,,
254,4,0,4,0,,,,,,,,,,,,
254,5,0,5,0,,,,,,,,,,,,
254,6,1.2,6,0,,,,,,,,,,,,
254,7,2,7,0,,,,,,,,,,,,
255,0,0,0,1,,,,,,,,,,,,
255,1,0,1,1,,,,,,,,,,,,
255,2,0,2,0,,,,,,,,,,,,
255,3,0.8,3,0,,,,,,,,,,,,
255,4,0,4,0,,,,,,,,,,,,
255,5,0,5,0,,,,,,,,,,,,
255,6,1.2,6,0,,,,,,,,,,,,
255,7,2,7,0,,,,,,,,,,,,
256,0,0,0,1,,,,,,,,,,,,
256,1,0,1,1,,,,,,,,,,,,
256,2,0,2,0,,,,,,,,,,,,
256,3,0.8,3,0,,,,,,,,,,,,
256,4,0,4,0,,,,,,,,,,,,
256,5,0,5,0,,,,,,,,,,,,
256,6,1.2,6,0,,,,,,,,,,,,
256,7,2,7,0,,,,,,,,,,,,
257,0,0,0,1,,,,,,,,,,,,
257,1,0,1,1,,,,,,,,,,,,
257,2,0,2,0,,,,,,,,,,,,
257,3,0.8,3,0,,,,,,,,,,,,
257,4,0,4,0,,,,,,,,,,,,
257,5,0,5,0,,,,,,,,,,,,
257,6,1.2,6,0,,,,,,,,,,,,
257,7,2,7,0,,,,,,,,,,,,
258,0,0,0,1,,,,,,,,,,,,
258,1,0,1,1,,,,,,,,,,,,
258,2,0,2,0,,,,,,,,,,,,
258,3,0.8,3,0,,,,,,,,,,,,
258,4,0,4,0,,,,,,,,,,,,
258,5,0,5,0,,,,,,,,,,,,
258,6,1.2,6,0,,,,,,,,,,,,
258,7,2,7,0,,,,,,,,,,,,
259,0,0,0,1,,,,,,,,,,,,
259,1,0,1,1,,,,,,,,,,,,
259,2,0,2,0,,,,,,,,,,,,
259,3,0.8,3,0,,,,,,,,,,,,
259,4,0,4,0,,,,,,,,,,,,
259,5,0,5,0,,,,,,,,,,,,
259,6,1.2,6,0,,,,,,,,,,,,
259,7,2,7,0,,,,,,,,,,,,
260,0,0,0,1,,,,,,,,,,,,
260,1,0,1,1,,,,,,,,,,,,
260,2,0,2,0,,,,,,,,,,,,
260,3,0.8,3,0,,,,,,,,,,,,
260,4,0,4,0,,,,,,,,,,,,
260,5,0,5,0,,,,,,,,,,,,
260,6,1.2,6,0,,,,,,,,,,,,
260,7,2,7,0,,,,,,,,,,,,
261,0,0,0,1,,,,,,,,,,,,
261,1,0,1,1,,,,,,,,,,,,
261,2,0,2,0,,,,,,,,,,,,
261,3,0.8,3,0,,,,,,,,,,,,
261,4,0,4,0,,,,,,,,,,,,
261,5,0,5,0,,,,,,,,,,,,
261,6,1.2,6,0,,,,,,,,,,,,
261,7,2,7,0,,,,,,,,,,,,
262,0,0,0,1,,,,,,,,,,,,
262,1,0,1,1,,,,,,,,,,,,
262,2,0,2,0,,,,,,,,,,,,
262,3,0.8,3,0,,,,,,,,,,,,
262,4,0,4,0,,,,,,,,,,,,
262,5,0,5,0,,,,,,,,,,,,
262,6,1.2,6,0,,,,,,,,,,,,
262,7,2,7,0,,,,,,,,,,,,
263,0,0,0,1,,,,,,,,,,,,
263,1,0,1,1,,,,,,,,,,,,
263,2,0,2,0,,,,,,,,,,,,
263,3,0.8,3,0,,,,,,,,,,,,
263,4,0,4,0,,,,,,,,,,,,
263,5,0,5,0,,,,,,,,,,,,
263,6,1.2,6,0,,,,,,,,,,,,
263,7,2,7,0,,,,,,,,,,,,
264,0,0,0,1,,,,,,,,,,,,
264,1,0,1,1,,,,,,,,,,,,
264,2,0,2,0,,,,,,,,,,,,
264,3,0.8,3,0,,,,,,,,,,,,
264,4,0,4,0,,,,,,,,,,,,
264,5,0,5,0,,,,,,,,,,,,
264,6,1.2,6,0,,,,,,,,,,,,
264,7,2,7,0,,,,,,,,,,,,
265,0,0,0,1,,,,,,,,,,,,
265,1,0,1,1,,,,,,,,,,,,
265,2,0,2,0,,,,,,,,,,,,
265,3,0.8,3,0,,,,,,,,,,,,
265,4,0,4,0,,,,,,,,,,,,
265,5,0,5,0,,,,,,,,,,,,
265,6,1.2,6,0,,,,,,,,,,,,
265,7,2,7,0,,,,,,,,,,,,
266,0,0,0,1,,,,,,,,,,,,
266,1,0,1,1,,,,,,,,,,,,
266,2,0,2,0,,,,,,,,,,,,
266,3,0.8,3,0,,,,,,,,,,,,
266,4,0,4,0,,,,,,,,,,,,
266,5,0,5,0,,,,,,,,,,,,
266,6,1.2,6,0,,,,,,,,,,,,
266,7,2,7,0,,,,,,,,,,,,
267,0,0,0,1,,,,,,,,,,,,
267,1,0,1,1,,,,,,,,,,,,
267,2,0,2,0,,,,,,,,,,,,
267,3,0.8,3,0,,,,,,,,,,,,
267,4,0,4,0,,,,,,,,,,,,
267,5,0,5,0,,,,,,,,,,,,
267,6,1.2,6,0,,,,,,,,,,,,
267,7,2,7,0,,,,,,,,,,,,
268,0,0,0,1,,,,,,,,,,,,
268,1,0,1,1,,,,,,,,,,,,
268,2,0,2,0,,,,,,,,,,,,
268,3,0.8,3,0,,,,,,,,,,,,
268,4,0,4,0,,,,,,,,,,,,
268,5,0,5,0,,,,,,,,,,,,
268,6,1.2,6,0,,,,,,,,,,,,
268,7,2,7,0,,,,,,,,,,,,
269,0,0,0,1,,,,,,,,,,,,
269,1,0,1,1,,,,,,,,,,,,
269,2,0,2,0,,,,,,,,,,,,
269,3,0.8,3,0,,,,,,,,,,,,
269,4,0,4,0,,,,,,,,,,,,
269,5,0,5,0,,,,,,,,,,,,
269,6,1.2,6,0,,,,,,,,,,,,
269,7,2,7,0,,,,,,,,,,,,
270,0,0,0,1,,,,,,,,,,,,
270,1,0,1,1,,,,,,,,,,,,
270,2,0,2,0,,,,,,,,,,,,
270,3,0.8,3,0,,,,,,,,,,,,
270,4,0,4,0,,,,,,,,,,,,
270,5,0,5,0,,,,,,,,,,,,
270,6,1.2,6,0,,,,,,,,,,,,
270,7,2,7,0,,,,,,,,,,,,
271,0,0,0,1,,,,,,,,,,,,
271,1,0,1,1,,,,,,,,,,,,
271,2,0,2,0,,,,,,,,,,,,
271,3,0.8,3,0,,,,,,,,,,,,
271,4,0,4,0,,,,,,,,,,,,
271,5,0,5,0,,,,,,,,,,,,
271,6,1.2,6,0,,,,,,,,,,,,
271,7,2,7,0,,,,,,,,,,,,
272,0,0,0,1,,,,,,,,,,,,
272,1,0,1,1,,,,,,,,,,,,
272,2,0,2,0,,,,,,,,,,,,
272,3,0.8,3,0,,,,,,,,,,,,
272,4,0,4,0,,,,,,,,,,,,
272,5,0,5,0,,,,,,,,,,,,
272,6,1.2,6,0,,,,,,,,,,,,
272,7,2,7,0,,,,,,,,,,,,
273,0,0,0,1,,,,,,,,,,,,
273,1,0,1,1,,,,,,,,,,,,
273,2,0,2,0,,,,,,,,,,,,
273,3,0.8,3,0,,,,,,,,,,,,
273,4,0,4,0,,,,,,,,,,,,
273,5,0,5,0,,,,,,,,,,,,
273,6,1.2,6,0,,,,,,,,,,,,
273,7,2,7,0,,,,,,,,,,,,
274,0,0,0,1,,,,,,,,,,,,
274,1,0,1,1,,,,,,,,,,,,
274,2,0,2,0,,,,,,,,,,,,
274,3,0.8,3,0,,,,,,,,,,,,
274,4,0,4,0,,,,,,,,,,,,
274,5,0,5,0,,,,,,,,,,,,
274,6,1.2,6,0,,,,,,,,,,,,
274,7,2,7,0,,,,,,,,,,,,
275,0,0,0,1,,,,,,,,,,,,
275,1,0,1,1,,,,,,,,,,,,
275,2,0,2,0,,,,,,,,,,,,
275,3,0.8,3,0,,,,,,,,,,,,
275,4,0,4,0,,,,,,,,,,,,
275,5,0,5,0,,,,,,,,,,,,
275,6,1.2,6,0,,,,,,,,,,,,
275,7,2,7,0,,,,,,,,,,,,
276,0,0,0,1,,,,,,,,,,,,
276,1,0,1,1,,,,,,,,,,,,
276,2,0,2,0,,,,,,,,,,,,
276,3,0.8,3,0,,,,,,,,,,,,
276,4,0,4,0,,,,,,,,,,,,
276,5,0,5,0,,,,,,,,,,,,
276,6,1.2,6,0,,,,,,,,,,,,
276,7,2,7,0,,,,,,,,,,,,
277,0,0,0,1,,,,,,,,,,,,
277,1,0,1,1,,,,,,,,,,,,
277,2,0,2,0,,,,,,,,,,,,
277,3,0.8,3,0,,,,,,,,,,,,
277,4,0,4,0,,,,,,,,,,,,
277,5,0,5,0,,,,,,,,,,,,
277,6,1.2,6,0,,,,,,,,,,,,
277,7,2,7,0,,,,,,,,,,,,
278,0,0,0,1,,,,,,,,,,,,
278,1,0,1,1,,,,,,,,,,,,
278,2,0,2,0,,,,,,,,,,,,
278,3,0.8,3,0,,,,,,,,,,,,
278,4,0,4,0,,,,,,,,,,,,
278,5,0,5,0,,,,,,,,,,,,
278,6,1.2,6,0,,,,,,,,,,,,
278,7,2,7,0,,,,,,,,,,,,
279,0,0,0,1,,,,,,,,,,,,
279,1,0,1,1,,,,,,,,,,,,
279,2,0,2,0,,,,,,,,,,,,
279,3,0.8,3,0,,,,,,,,,,,,
279,4,0,4,0,,,,,,,,,,,,
279,5,0,5,0,,,,,,,,,,,,
279,6,1.2,6,0,,,,,,,,,,,,
279,7,2,7,0,,,,,,,,,,,,
280,0,0,0,1,,,,,,,,,,,,
280,1,0,1,1,,,,,,,,,,,,
280,2,0,2,0,,,,,,,,,,,,
280,3,0.8,3,0,,,,,,,,,,,,
280,4,0,4,0,,,,,,,,,,,,
280,5,0,5,0,,,,,,,,,,,,
280,6,1.2,6,0,,,,,,,,,,,,
280,7,2,7,0,,,,,,,,,,,,
281,0,0,0,1,,,,,,,,,,,,
281,1,0,1,1,,,,,,,,,,,,
281,2,0,2,0,,,,,,,,,,,,
281,3,0.8,3,0,,,,,,,,,,,,
281,4,0,4,0,,,,,,,,,,,,
281,5,0,5,0,,,,,,,,,,,,
281,6,1.2,6,0,,,,,,,,,,,,
281,7,2,7,0,,,,,,,,,,,,
282,0,0,0,1,,,,,,,,,,,,
282,1,0,1,1,,,,,,,,,,,,
282,2,0,2,0,,,,,,,,,,,,
282,3,0.8,3,0,,,,,,,,,,,,
282,4,0,4,0,,,,,,,,,,,,
282,5,0,5,0,,,,,,,,,,,,
282,6,1.2,6,0,,,,,,,,,,,,
282,7,2,7,0,,,,,,,,,,,,
283,0,0,0,1,,,,,,,,,,,,
283,1,0,1,1,,,,,,,,,,,,
283,2,0,2,0,,,,,,,,,,,,
283,3,0.8,3,0,,,,,,,,,,,,
283,4,0,4,0,,,,,,,,,,,,
283,5,0,5,0,,,,,,,,,,,,
283,6,1.2,6,0,,,,,,,,,,,,
283,7,2,7,0,,,,,,,,,,,,
284,0,0,0,1,,,,,,,,,,,,
284,1,0,1,1,,,,,,,,,,,,
284,2,0,2,0,,,,,,,,,,,,
284,3,0.8,3,0,,,,,,,,,,,,
284,4,0,4,0,,,,,,,,,,,,
284,5,0,5,0,,,,,,,,,,,,
284,6,1.2,6,0,,,,,,,,,,,,
284,7,2,7,0,,,,,,,,,,,,
285,0,0,0,1,,,,,,,,,,,,
285,1,0,1,1,,,,,,,,,,,,
285,2,0,2,0,,,,,,,,,,,,
285,3,0.8,3,0,,,,,,,,,,,,
285,4,0,4,0,,,,,,,,,,,,
285,5,0,5,0,,,,,,,,,,,,
285,6,1.2,6,0,,,,,,,,,,,,
285,7,2,7,0,,,,,,,,,,,,
286,0,0,0,1,,,,,,,,,,,,
286,1,0,1,1,,,,,,,,,,,,
286,2,0,2,0,,,,,,,,,,,,
286,3,0.8,3,0,,,,,,,,,,,,
286,4,0,4,0,,,,,,,,,,,,
286,5,0,5,0,,,,,,,,,,,,
286,6,1.2,6,0,,,,,,,,,,,,
286,7,2,7,0,,,,,,,,,,,,
287,0,0,0,1,,,,,,,,,,,,
287,1,0,1,1,,,,,,,,,,,,
287,2,0,2,0,,,,,,,,,,,,
287,3,0.8,3,0,,,,,,,,,,,,
287,4,0,4,0,,,,,,,,,,,,
287,5,0,5,0,,,,,,,,,,,,
287,6,1.2,6,0,,,,,,,,,,,,
287,7,2,7,0,,,,,,,,,,,,
288,0,0,0,1,,,,,,,,,,,,
288,1,0,1,1,,,,,,,,,,,,
288,2,0,2,0,,,,,,,,,,,,
288,3,0.8,3,0,,,,,,,,,,,,
288,4,0,4,0,,,,,,,,,,,,
288,5,0,5,0,,,,,,,,,,,,
288,6,1.2,6,0,,,,,,,,,,,,
288,7,2,7,0,,,,,,,,,,,,
289,0,0,0,1,,,,,,,,,,,,
289,1,0,1,1,,,,,,,,,,,,
289,2,0,2,0,,,,,,,,,,,,
289,3,0.8,3,0,,,,,,,,,,,,
289,4,0,4,0,,,,,,,,,,,,
289,5,0,5,0,,,,,,,,,,,,
289,6,1.2,6,0,,,,,,,,,,,,
289,7,2,7,0,,,,,,,,,,,,
290,0,0,0,1,,,,,,,,,,,,
290,1,0,1,1,,,,,,,,,,,,
290,2,0,2,0,,,,,,,,,,,,
290,3,0.8,3,0,,,,,,,,,,,,
290,4,0,4,0,,,,,,,,,,,,
290,5,0,5,0,,,,,,,,,,,,
290,6,1.2,6,0,,,,,,,,,,,,
290,7,2,7,0,,,,,,,,,,,,
291,0,0,0,1,,,,,,,,,,,,
291,1,0,1,1,,,,,,,,,,,,
291,2,0,2,0,,,,,,,,,,,,
291,3,0.8,3,0,,,,,,,,,,,,
291,4,0,4,0,,,,,,,,,,,,
291,5,0,5,0,,,,,,,,,,,,
291,6,1.2,6,0,,,,,,,,,,,,
291,7,2,7,0,,,,,,,,,,,,
292,0,0,0,1,,,,,,,,,,,,
292,1,0,1,1,,,,,,,,,,,,
292,2,0,2,0,,,,,,,,,,,,
292,3,0.8,3,0,,,,,,,,,,,,
292,4,0,4,0,,,,,,,,,,,,
292,5,0,5,0,,,,,,,,,,,,
292,6,1.2,6,0,,,,,,,,,,,,
292,7,2,7,0,,,,,,,,,,,,
293,0,0,0,1,,,,,,,,,,,,
293,1,0,1,1,,,,,,,,,,,,
293,2,0,2,0,,,,,,,,,,,,
293,3,0.8,3,0,,,,,,,,,,,,
293,4,0,4,0,,,,,,,,,,,,
293,5,0,5,0,,,,,,,,,,,,
293,6,1.2,6,0,,,,,,,,,,,,
293,7,2,7,0,,,,,,,,,,,,
294,0,0,0,1,,,,,,,,,,,,
294,1,0,1,1,,,,,,,,,,,,
294,2,0,2,0,,,,,,,,,,,,
294,3,0.8,3,0,,,,,,,,,,,,
294,4,0,4,0,,,,,,,,,,,,
294,5,0,5,0,,,,,,,,,,,,
294,6,1.2,6,0,,,,,,,,,,,,
294,7,2,7,0,,,,,,,,,,,,
295,0,0,0,1,,,,,,,,,,,,
295,1,0,1,1,,,,,,,,,,,,
295,2,0,2,0,,,,,,,,,,,,
295,3,0.8,3,0,,,,,,,,,,,,
295,4,0,4,0,,,,,,,,,,,,
295,5,0,5,0,,,,,,,,,,,,
295,6,1.2,6,0,,,,,,,,,,,,
295,7,2,7,0,,,,,,,,,,,,
296,0,0,0,1,,,,,,,,,,,,
296,1,0,1,1,,,,,,,,,,,,
296,2,0,2,0,,,,,,,,,,,,
296,3,0.8,3,0,,,,,,,,,,,,
296,4,0,4,0,,,,,,,,,,,,
296,5,0,5,0,,,,,,,,,,,,
296,6,1.2,6,0,,,,,,,,,,,,
296,7,2,7,0,,,,,,,,,,,,
297,0,0,0,1,,,,,,,,,,,,
297,1,0,1,1,,,,,,,,,,,,
297,2,0,2,0,,,,,,,,,,,,
297,3,0.8,3,0,,,,,,,,,,,,
297,4,0,4,0,,,,,,,,,,,,
297,5,0,5,0,,,,,,,,,,,,
297,6,1.2,6,0,,,,,,,,,,,,
297,7,2,7,0,,,,,,,,,,,,
298,0,0,0,1,,,,,,,,,,,,
298,1,0,1,1,,,,,,,,,,,,
298,2,0,2,0,,,,,,,,,,,,
298,3,0.8,3,0,,,,,,,,,,,,
298,4,0,4,0,,,,,,,,,,,,
298,5,0,5,0,,,,,,,,,,,,
298,6,1.2,6,0,,,,,,,,,,,,
298,7,2,7,0,,,,,,,,,,,,
299,0,0,0,1,,,,,,,,,,,,
299,1,0,1,1,,,,,,,,,,,,
299,2,0,2,0,,,,,,,,,,,,
299,3,0.8,3,0,,,,,,,,,,,,
299,4,0,4,0,,,,,,,,,,,,
299,5,0,5,0,,,,,,,,,,,,
299,6,1.2,6,0,,,,,,,,,,,,
299,7,2,7,0,,,,,,,,,,,,
300,0,0,0,1,,,,,,,,,,,,
300,1,0,1,1,,,,,,,,,,,,
300,2,0,2,0,,,,,,,,,,,,
300,3,0,3,0,,,,,,,,,,,,
300,4,0,4,1,,,,,,,,,,,,
300,5,0,5,0,,,,,,,,,,,,
300,6,0.2,6,0,,,,,,,,,,,,
300,7,1,7,0,,,,,,,,,,,,
301,0,0,0,1,,,,,,,,,,,,
301,1,0,1,1,,,,,,,,,,,,
301,2,0,2,0,,,,,,,,,,,,
301,3,0,3,0,,,,,,,,,,,,
301,4,0,4,1,,,,,,,,,,,,
301,5,0,5,0,,,,,,,,,,,,
301,6,0.2,6,0,,,,,,,,,,,,
301,7,1,7,0,,,,,,,,,,,,
302,0,0,0,1,,,,,,,,,,,,
302,1,0,1,1,,,,,,,,,,,,
302,2,0,2,0,,,,,,,,,,,,
302,3,0,3,0,,,,,,,,,,,,
302,4,0,4,1,,,,,,,,,,,,
302,5,0,5,0,,,,,,,,,,,,
302,6,0.2,6,0,,,,,,,,,,,,
302,7,1,7,0,,,,,,,,,,,,
303,0,0,0,1,,,,,,,,,,,,
303,1,0,1,1,,,,,,,,,,,,
303,2,0,2,0,,,,,,,,,,,,
303,3,0,3,0,,,,,,,,,,,,
303,4,0,4,1,,,,,,,,,,,,
303,5,0,5,0,,,,,,,,,,,,
303,6,0.2,6,0,,,,,,,,,,,,
303,7,1,7,0,,,,,,,,,,,,
304,0,0,0,1,,,,,,,,,,,,
304,1,0,1,1,,,,,,,,,,,,
304,2,0,2,0,,,,,,,,,,,,
304,3,0,3,0,,,,,,,,,,,,
304,4,0,4,1,,,,,,,,,,,,
304,5,0,5,0,,,,,,,,,,,,
304,6,0.2,6,0,,,,,,,,,,,,
304,7,1,7,0,,,,,,,,,,,,
305,0,0,0,1,,,,,,,,,,,,
305,1,0,1,1,,,,,,,,,,,,
305,2,0,2,0,,,,,,,,,,,,
305,3,0,3,0,,,,,,,,,,,,
305,4,0,4,1,,,,,,,,,,,,
305,5,0,5,0,,,,,,,,,,,,
305,6,0.2,6,0,,,,,,,,,,,,
305,7,1,7,0,,,,,,,,,,,,
306,0,0,0,1,,,,,,,,,,,,
306,1,0,1,1,,,,,,,,,,,,
306,2,0,2,0,,,,,,,,,,,,
306,3,0,3,0,,,,,,,,,,,,
306,4,0,4,1,,,,,,,,,,,,
306,5,0,5,0,,,,,,,,,,,,
306,6,0.2,6,0,,,,,,,,,,,,
306,7,1,7,0,,,,,,,,,,,,
307,0,0,0,1,,,,,,,,,,,,
307,1,0,1,1,,,,,,,,,,,,
307,2,0,2,0,,,,,,,,,,,,
307,3,0,3,0,,,,,,,,,,,,
307,4,0,4,1,,,,,,,,,,,,
307,5,0,5,0,,,,,,,,,,,,
307,6,0.2,6,0,,,,,,,,,,,,
307,7,1,7,0,,,,,,,,,,,,
308,0,0,0,1,,,,,,,,,,,,
308,1,0,1,1,,,,,,,,,,,,
308,2,0,2,0,,,,,,,,,,,,
308,3,0,3,0,,,,,,,,,,,,
308,4,0,4,1,,,,,,,,,,,,
308,5,0,5,0,,,,,,,,,,,,
308,6,0.2,6,0,,,,,,,,,,,,
308,7,1,7,0,,,,,,,,,,,,
309,0,0,0,1,,,,,,,,,,,,
309,1,0,1,1,,,,,,,,,,,,
309,2,0,2,0,,,,,,,,,,,,
309,3,0,3,0,,,,,,,,,,,,
309,4,0,4,1,,,,,,,,,,,,
309,5,0,5,0,,,,,,,,,,,,
309,6,0.2,6,0,,,,,,,,,,,,
309,7,1,7,0,,,,,,,,,,,,
310,0,0,0,1,,,,,,,,,,,,
310,1,0,1,1,,,,,,,,,,,,
310,2,0,2,0,,,,,,,,,,,,
310,3,0,3,0,,,,,,,,,,,,
310,4,0,4,1,,,,,,,,,,,,
310,5,0,5,0,,,,,,,,,,,,
310,6,0.2,6,0,,,,,,,,,,,,
310,7,1,7,0,,,,,,,,,,,,
311,0,0,0,1,,,,,,,,,,,,
311,1,0,1,1,,,,,,,,,,,,
311,2,0,2,0,,,,,,,,,,,,
311,3,0,3,0,,,,,,,,,,,,
311,4,0,4,1,,,,,,,,,,,,
311,5,0,5,0,,,,,,,,,,,,
311,6,0.2,6,0,,,,,,,,,,,,
311,7,1,7,0,,,,,,,,,,,,
312,0,0,0,1,,,,,,,,,,,,
312,1,0,1,1,,,,,,,,,,,,
312,2,0,2,0,,,,,,,,,,,,
312,3,0,3,0,,,,,,,,,,,,
312,4,0,4,1,,,,,,,,,,,,
312,5,0,5,0,,,,,,,,,,,,
312,6,0.2,6,0,,,,,,,,,,,,
312,7,1,7,0,,,,,,,,,,,,
313,0,0,0,1,,,,,,,,,,,,
313,1,0,1,1,,,,,,,,,,,,
313,2,0,2,0,,,,,,,,,,,,
313,3,0,3,0,,,,,,,,,,,,
313,4,0,4,1,,,,,,,,,,,,
313,5,0,5,0,,,,,,,,,,,,
313,6,0.2,6,0,,,,,,,,,,,,
313,7,1,7,0,,,,,,,,,,,,
314,0,0,0,1,,,,,,,,,,,,
314,1,0,1,1,,,,,,,,,,,,
314,2,0,2,0,,,,,,,,,,,,
314,3,0,3,0,,,,,,,,,,,,
314,4,0,4,1,,,,,,,,,,,,
314,5,0,5,0,,,,,,,,,,,,
314,6,0.2,6,0,,,,,,,,,,,,
314,7,1,7,0,,,,,,,,,,,,
315,0,0,0,1,,,,,,,,,,,,
315,1,0,1,1,,,,,,,,,,,,
315,2,0,2,0,,,,,,,,,,,,
315,3,0,3,0,,,,,,,,,,,,
315,4,0,4,1,,,,,,,,,,,,
315,5,0,5,0,,,,,,,,,,,,
315,6,0.2,6,0,,,,,,,,,,,,
315,7,1,7,0,,,,,,,,,,,,
316,0,0,0,1,,,,,,,,,,,,
316,1,0,1,1,,,,,,,,,,,,
316,2,0,2,0,,,,,,,,,,,,
316,3,0,3,0,,,,,,,,,,,,
316,4,0,4,1,,,,,,,,,,,,
316,5,0,5,0,,,,,,,,,,,,
316,6,0.2,6,0,,,,,,,,,,,,
316,7,1,7,0,,,,,,,,,,,,
317,0,0,0,1,,,,,,,,,,,,
317,1,0,1,1,,,,,,,,,,,,
317,2,0,2,0,,,,,,,,,,,,
317,3,0,3,0,,,,,,,,,,,,
317,4,0,4,1,,,,,,,,,,,,
317,5,0,5,0,,,,,,,,,,,,
317,6,0.2,6,0,,,,,,,,,,,,
317,7,1,7,0,,,,,,,,,,,,
318,0,0,0,1,,,,,,,,,,,,
318,1,0,1,1,,,,,,,,,,,,
318,2,0,2,0,,,,,,,,,,,,
318,3,0,3,0,,,,,,,,,,,,
318,4,0,4,1,,,,,,,,,,,,
318,5,0,5,0,,,,,,,,,,,,
318,6,0.2,6,0,,,,,,,,,,,,
318,7,1,7,0,,,,,,,,,,,,
319,0,0,0,1,,,,,,,,,,,,
319,1,0,1,1,,,,,,,,,,,,
319,2,0,2,0,,,,,,,,,,,,
319,3,0,3,0,,,,,,,,,,,,
319,4,0,4,1,,,,,,,,,,,,
319,5,0,5,0,,,,,,,,,,,,
319,6,0.2,6,0,,,,,,,,,,,,
319,7,1,7,0,,,,,,,,,,,,
320,0,0,0,1,,,,,,,,,,,,
320,1,0,1,1,,,,,,,,,,,,
320,2,0,2,0,,,,,,,,,,,,
320,3,0,3,0,,,,,,,,,,,,
320,4,0,4,1,,,,,,,,,,,,
320,5,0,5,0,,,,,,,,,,,,
320,6,0.2,6,0,,,,,,,,,,,,
320,7,1,7,0,,,,,,,,,,,,
321,0,0,0,1,,,,,,,,,,,,
321,1,0,1,1,,,,,,,,,,,,
321,2,0,2,0,,,,,,,,,,,,
321,3,0,3,0,,,,,,,,,,,,
321,4,0,4,1,,,,,,,,,,,,
321,5,0,5,0,,,,,,,,,,,,
321,6,0.2,6,0,,,,,,,,,,,,
321,7,1,7,0,,,,,,,,,,,,
322,0,0,0,1,,,,,,,,,,,,
322,1,0,1,1,,,,,,,,,,,,
322,2,0,2,0,,,,,,,,,,,,
322,3,0,3,0,,,,,,,,,,,,
322,4,0,4,1,,,,,,,,,,,,
322,5,0,5,0,,,,,,,,,,,,
322,6,0.2,6,0,,,,,,,,,,,,
322,7,1,7,0,,,,,,,,,,,,
323,0,0,0,1,,,,,,,,,,,,
323,1,0,1,1,,,,,,,,,,,,
323,2,0,2,0,,,,,,,,,,,,
323,3,0,3,0,,,,,,,,,,,,
323,4,0,4,1,,,,,,,,,,,,
323,5,0,5,0,,,,,,,,,,,,
323,6,0.2,6,0,,,,,,,,,,,,
323,7,1,7,0,,,,,,,,,,,,
324,0,0,0,1,,,,,,,,,,,,
324,1,0,1,1,,,,,,,,,,,,
324,2,0,2,0,,,,,,,,,,,,
324,3,0,3,0,,,,,,,,,,,,
324,4,0,4,1,,,,,,,,,,,,
324,5,0,5,0,,,,,,,,,,,,
324,6,0.2,6,0,,,,,,,,,,,,
324,7,1,7,0,,,,,,,,,,,,
325,0,0,0,1,,,,,,,,,,,,
325,1,0,1,1,,,,,,,,,,,,
325,2,0,2,0,,,,,,,,,,,,
325,3,0,3,0,,,,,,,,,,,,
325,4,0,4,1,,,,,,,,,,,,
325,5,0,5,0,,,,,,,,,,,,
325,6,0.2,6,0,,,,,,,,,,,,
325,7,1,7,0,,,,,,,,,,,,
326,0,0,0,1,,,,,,,,,,,,
326,1,0,1,1,,,,,,,,,,,,
326,2,0,2,0,,,,,,,,,,,,
326,3,0,3,0,,,,,,,,,,,,
326,4,0,4,1,,,,,,,,,,,,
326,5,0,5,0,,,,,,,,,,,,
326,6,0.2,6,0,,,,,,,,,,,,
326,7,1,7,0,,,,,,,,,,,,
327,0,0,0,1,,,,,,,,,,,,
327,1,0,1,1,,,,,,,,,,,,
327,2,0,2,0,,,,,,,,,,,,
327,3,0,3,0,,,,,,,,,,,,
327,4,0,4,1,,,,,,,,,,,,
327,5,0,5,0,,,,,,,,,,,,
327,6,0.2,6,0,,,,,,,,,,,,
327,7,1,7,0,,,,,,,,,,,,
328,0,0,0,1,,,,,,,,,,,,
328,1,0,1,1,,,,,,,,,,,,
328,2,0,2,0,,,,,,,,,,,,
328,3,0,3,0,,,,,,,,,,,,
328,4,0,4,1,,,,,,,,,,,,
328,5,0,5,0,,,,,,,,,,,,
328,6,0.2,6,0,,,,,,,,,,,,
328,7,1,7,0,,,,,,,,,,,,
329,0,0,0,1,,,,,,,,,,,,
329,1,0,1,1,,,,,,,,,,,,
329,2,0,2,0,,,,,,,,,,,,
329,3,0,3,0,,,,,,,,,,,,
329,4,0,4,1,,,,,,,,,,,,
329,5,0,5,0,,,,,,,,,,,,
329,6,0.2,6,0,,,,,,,,,,,,
329,7,1,7,0,,,,,,,,,,,,
330,0,0,0,1,,,,,,,,,,,,
330,1,0,1,1,,,,,,,,,,,,
330,2,0,2,0,,,,,,,,,,,,
330,3,0,3,0,,,,,,,,,,,,
330,4,0,4,1,,,,,,,,,,,,
330,5,0,5,0,,,,,,,,,,,,
330,6,0.2,6,0,,,,,,,,,,,,
330,7,1,7,0,,,,,,,,,,,,
331,0,0,0,1,,,,,,,,,,,,
331,1,0,1,1,,,,,,,,,,,,
331,2,0,2,0,,,,,,,,,,,,
331,3,0,3,0,,,,,,,,,,,,
331,4,0,4,1,,,,,,,,,,,,
331,5,0,5,0,,,,,,,,,,,,
331,6,0.2,6,0,,,,,,,,,,,,
331,7,1,7,0,,,,,,,,,,,,
332,0,0,0,1,,,,,,,,,,,,
332,1,0,1,1,,,,,,,,,,,,
332,2,0,2,0,,,,,,,,,,,,
332,3,0,3,0,,,,,,,,,,,,
332,4,0,4,1,,,,,,,,,,,,
332,5,0,5,0,,,,,,,,,,,,
332,6,0.2,6,0,,,,,,,,,,,,
332,7,1,7,0,,,,,,,,,,,,
333,0,0,0,1,,,,,,,,,,,,
333,1,0,1,1,,,,,,,,,,,,
333,2,0,2,0,,,,,,,,,,,,
333,3,0,3,0,,,,,,,,,,,,
333,4,0,4,1,,,,,,,,,,,,
333,5,0,5,0,,,,,,,,,,,,
333,6,0.2,6,0,,,,,,,,,,,,
333,7,1,7,0,,,,,,,,,,,,
334,0,0,0,1,,,,,,,,,,,,
334,1,0,1,1,,,,,,,,,,,,
334,2,0,2,0,,,,,,,,,,,,
334,3,0,3,0,,,,,,,,,,,,
334,4,0,4,1,,,,,,,,,,,,
334,5,0,5,0,,,,,,,,,,,,
334,6,0.2,6,0,,,,,,,,,,,,
334,7,1,7,0,,,,,,,,,,,,
335,0,0,0,1,,,,,,,,,,,,
335,1,0,1,1,,,,,,,,,,,,
335,2,0,2,0,,,,,,,,,,,,
335,3,0,3,0,,,,,,,,,,,,
335,4,0,4,1,,,,,,,,,,,,
335,5,0,5,0,,,,,,,,,,,,
335,6,0.2,6,0,,,,,,,,,,,,
335,7,1,7,0,,,,,,,,,,,,
336,0,0,0,1,,,,,,,,,,,,
336,1,0,1,1,,,,,,,,,,,,
336,2,0,2,0,,,,,,,,,,,,
336,3,0,3,0,,,,,,,,,,,,
336,4,0,4,1,,,,,,,,,,,,
336,5,0,5,0,,,,,,,,,,,,
336,6,0.2,6,0,,,,,,,,,,,,
336,7,1,7,0,,,,,,,,,,,,
337,0,0,0,1,,,,,,,,,,,,
337,1,0,1,1,,,,,,,,,,,,
337,2,0,2,0,,,,,,,,,,,,
337,3,0,3,0,,,,,,,,,,,,
337,4,0,4,1,,,,,,,,,,,,
337,5,0,5,0,,,,,,,,,,,,
337,6,0.2,6,0,,,,,,,,,,,,
337,7,1,7,0,,,,,,,,,,,,
338,0,0,0,1,,,,,,,,,,,,
338,1,0,1,1,,,,,,,,,,,,
338,2,0,2,0,,,,,,,,,,,,
338,3,0,3,0,,,,,,,,,,,,
338,4,0,4,1,,,,,,,,,,,,
338,5,0,5,0,,,,,,,,,,,,
338,6,0.2,6,0,,,,,,,,,,,,
338,7,1,7,0,,,,,,,,,,,,
339,0,0,0,1,,,,,,,,,,,,
339,1,0,1,1,,,,,,,,,,,,
339,2,0,2,0,,,,,,,,,,,,
339,3,0,3,0,,,,,,,,,,,,
339,4,0,4,1,,,,,,,,,,,,
339,5,0,5,0,,,,,,,,,,,,
339,6,0.2,6,0,,,,,,,,,,,,
339,7,1,7,0,,,,,,,,,,,,
340,0,0,0,1,,,,,,,,,,,,
340,1,0,1,1,,,,,,,,,,,,
340,2,0,2,0,,,,,,,,,,,,
340,3,0,3,0,,,,,,,,,,,,
340,4,0,4,1,,,,,,,,,,,,
340,5,0,5,0,,,,,,,,,,,,
340,6,0.2,6,0,,,,,,,,,,,,
340,7,1,7,0,,,,,,,,,,,,
341,0,0,0,1,,,,,,,,,,,,
341,1,0,1,1,,,,,,,,,,,,
341,2,0,2,0,,,,,,,,,,,,
341,3,0,3,0,,,,,,,,,,,,
341,4,0,4,1,,,,,,,,,,,,
341,5,0,5,0,,,,,,,,,,,,
341,6,0.2,6,0,,,,,,,,,,,,
341,7,1,7,0,,,,,,,,,,,,
342,0,0,0,1,,,,,,,,,,,,
342,1,0,1,1,,,,,,,,,,,,
342,2,0,2,0,,,,,,,,,,,,
342,3,0,3,0,,,,,,,,,,,,
342,4,0,4,1,,,,,,,,,,,,
342,5,0,5,0,,,,,,,,,,,,
342,6,0.2,6,0,,,,,,,,,,,,
342,7,1,7,0,,,,,,,,,,,,
343,0,0,0,1,,,,,,,,,,,,
343,1,0,1,1,,,,,,,,,,,,
343,2,0,2,0,,,,,,,,,,,,
343,3,0,3,0,,,,,,,,,,,,
343,4,0,4,1,,,,,,,,,,,,
343,5,0,5,0,,,,,,,,,,,,
343,6,0.2,6,0,,,,,,,,,,,,
343,7,1,7,0,,,,,,,,,,,,
344,0,0,0,1,,,,,,,,,,,,
344,1,0,1,1,,,,,,,,,,,,
344,2,0,2,0,,,,,,,,,,,,
344,3,0,3,0,,,,,,,,,,,,
344,4,0,4,1,,,,,,,,,,,,
344,5,0,5,0,,,,,,,,,,,,
344,6,0.2,6,0,,,,,,,,,,,,
344,7,1,7,0,,,,,,,,,,,,
345,0,0,0,1,,,,,,,,,,,,
345,1,0,1,1,,,,,,,,,,,,
345,2,0,2,0,,,,,,,,,,,,
345,3,0,3,0,,,,,,,,,,,,
345,4,0,4,1,,,,,,,,,,,,
345,5,0,5,0,,,,,,,,,,,,
345,6,0.2,6,0,,,,,,,,,,,,
345,7,1,7,0,,,,,,,,,,,,
346,0,0,0,1,,,,,,,,,,,,
346,1,0,1,1,,,,,,,,,,,,
346,2,0,2,0,,,,,,,,,,,,
346,3,0,3,0,,,,,,,,,,,,
346,4,0,4,1,,,,,,,,,,,,
346,5,0,5,0,,,,,,,,,,,,
346,6,0.2,6,0,,,,,,,,,,,,
346,7,1,7,0,,,,,,,,,,,,
347,0,0,0,1,,,,,,,,,,,,
347,1,0,1,1,,,,,,,,,,,,
347,2,0,2,0,,,,,,,,,,,,
347,3,0,3,0,,,,,,,,,,,,
347,4,0,4,1,,,,,,,,,,,,
347,5,0,5,0,,,,,,,,,,,,
347,6,0.2,6,0,,,,,,,,,,,,
347,7,1,7,0,,,,,,,,,,,,
348,0,0,0,1,,,,,,,,,,,,
348,1,0,1,1,,,,,,,,,,,,
348,2,0,2,0,,,,,,,,,,,,
348,3,0,3,0,,,,,,,,,,,,
348,4,0,4,1,,,,,,,,,,,,
348,5,0,5,0,,,,,,,,,,,,
348,6,0.2,6,0,,,,,,,,,,,,
348,7,1,7,0,,,,,,,,,,,,
349,0,0,0,1,,,,,,,,,,,,
349,1,0,1,1,,,,,,,,,,,,
349,2,0,2,0,,,,,,,,,,,,
349,3,0,3,0,,,,,,,,,,,,
349,4,0,4,1,,,,,,,,,,,,
349,5,0,5,0,,,,,,,,,,,,
349,6,0.2,6,0,,,,,,,,,,,,
349,7,1,7,0,,,,,,,,,,,,
350,0,0,0,1,,,,,,,,,,,,
350,1,0,1,1,,,,,,,,,,,,
350,2,0,2,0,,,,,,,,,,,,
350,3,0,3,0,,,,,,,,,,,,
350,4,0,4,1,,,,,,,,,,,,
350,5,0,5,0,,,,,,,,,,,,
350,6,0.2,6,0,,,,,,,,,,,,
350,7,1,7,0,,,,,,,,,,,,
351,0,0,0,1,,,,,,,,,,,,
351,1,0,1,1,,,,,,,,,,,,
351,2,0,2,0,,,,,,,,,,,,
351,3,0,3,0,,,,,,,,,,,,
351,4,0,4,1,,,,,,,,,,,,
351,5,0,5,0,,,,,,,,,,,,
351,6,0.2,6,0,,,,,,,,,,,,
351,7,1,7,0,,,,,,,,,,,,
352,0,0,0,1,,,,,,,,,,,,
352,1,0,1,1,,,,,,,,,,,,
352,2,0,2,0,,,,,,,,,,,,
352,3,0,3,0,,,,,,,,,,,,
352,4,0,4,1,,,,,,,,,,,,
352,5,0,5,0,,,,,,,,,,,,
352,6,0.2,6,0,,,,,,,,,,,,
352,7,1,7,0,,,,,,,,,,,,
353,0,0,0,1,,,,,,,,,,,,
353,1,0,1,1,,,,,,,,,,,,
353,2,0,2,0,,,,,,,,,,,,
353,3,0,3,0,,,,,,,,,,,,
353,4,0,4,1,,,,,,,,,,,,
353,5,0,5,0,,,,,,,,,,,,
353,6,0.2,6,0,,,,,,,,,,,,
353,7,1,7,0,,,,,,,,,,,,
354,0,0,0,1,,,,,,,,,,,,
354,1,0,1,1,,,,,,,,,,,,
354,2,0,2,0,,,,,,,,,,,,
354,3,0,3,0,,,,,,,,,,,,
354,4,0,4,1,,,,,,,,,,,,
354,5,0,5,0,,,,,,,,,,,,
354,6,0.2,6,0,,,,,,,,,,,,
354,7,1,7,0,,,,,,,,,,,,
355,0,0,0,1,,,,,,,,,,,,
355,1,0,1,1,,,,,,,,,,,,
355,2,0,2,0,,,,,,,,,,,,
355,3,0,3,0,,,,,,,,,,,,
355,4,0,4,1,,,,,,,,,,,,
355,5,0,5,0,,,,,,,,,,,,
355,6,0.2,6,0,,,,,,,,,,,,
355,7,1,7,0,,,,,,,,,,,,
356,0,0,0,1,,,,,,,,,,,,
356,1,0,1,1,,,,,,,,,,,,
356,2,0,2,0,,,,,,,,,,,,
356,3,0,3,0,,,,,,,,,,,,
356,4,0,4,1,,,,,,,,,,,,
356,5,0,5,0,,,,,,,,,,,,
356,6,0.2,6,0,,,,,,,,,,,,
356,7,1,7,0,,,,,,,,,,,,
357,0,0,0,1,,,,,,,,,,,,
357,1,0,1,1,,,,,,,,,,,,
357,2,0,2,0,,,,,,,,,,,,
357,3,0,3,0,,,,,,,,,,,,
357,4,0,4,1,,,,,,,,,,,,
357,5,0,5,0,,,,,,,,,,,,
357,6,0.2,6,0,,,,,,,,,,,,
357,7,1,7,0,,,,,,,,,,,,
358,0,0,0,1,,,,,,,,,,,,
358,1,0,1,1,,,,,,,,,,,,
358,2,0,2,0,,,,,,,,,,,,
358,3,0,3,0,,,,,,,,,,,,
358,4,0,4,1,,,,,,,,,,,,
358,5,0,5,0,,,,,,,,,,,,
358,6,0.2,6,0,,,,,,,,,,,,
358,7,1,7,0,,,,,,,,,,,,
359,0,0,0,1,,,,,,,,,,,,
359,1,0,1,1,,,,,,,,,,,,
359,2,0,2,0,,,,,,,,,,,,
359,3,0,3,0,,,,,,,,,,,,
359,4,0,4,1,,,,,,,,,,,,
359,5,0,5,0,,,,,,,,,,,,
359,6,0.2,6,0,,,,,,,,,,,,
359,7,1,7,0,,,,,,,,,,,,
360,0,0,0,1,,,,,,,,,,,,
360,1,0,1,1,,,,,,,,,,,,
360,2,0,2,0,,,,,,,,,,,,
360,3,0,3,0,,,,,,,,,,,,
360,4,0,4,1,,,,,,,,,,,,
360,5,0,5,0,,,,,,,,,,,,
360,6,0.2,6,0,,,,,,,,,,,,
360,7,1,7,0,,,,,,,,,,,,
361,0,0,0,1,,,,,,,,,,,,
361,1,0,1,1,,,,,,,,,,,,
361,2,0,2,0,,,,,,,,,,,,
361,3,0,3,0,,,,,,,,,,,,
361,4,0,4,1,,,,,,,,,,,,
361,5,0,5,0,,,,,,,,,,,,
361,6,0.2,6,0,,,,,,,,,,,,
361,7,1,7,0,,,,,,,,,,,,
362,0,0,0,1,,,,,,,,,,,,
362,1,0,1,1,,,,,,,,,,,,
362,2,0,2,0,,,,,,,,,,,,
362,3,0,3,0,,,,,,,,,,,,
362,4,0,4,1,,,,,,,,,,,,
362,5,0,5,0,,,,,,,,,,,,
362,6,0.2,6,0,,,,,,,,,,,,
362,7,1,7,0,,,,,,,,,,,,
363,0,0,0,1,,,,,,,,,,,,
363,1,0,1,1,,,,,,,,,,,,
363,2,0,2,0,,,,,,,,,,,,
363,3,0,3,0,,,,,,,,,,,,
363,4,0,4,1,,,,,,,,,,,,
363,5,0,5,0,,,,,,,,,,,,
363,6,0.2,6,0,,,,,,,,,,,,
363,7,1,7,0,,,,,,,,,,,,
364,0,0,0,1,,,,,,,,,,,,
364,1,0,1,1,,,,,,,,,,,,
364,2,0,2,0,,,,,,,,,,,,
364,3,0,3,0,,,,,,,,,,,,
364,4,0,4,1,,,,,,,,,,,,
364,5,0,5,0,,,,,,,,,,,,
364,6,0.2,6,0,,,,,,,,,,,,
364,7,1,7,0,,,,,,,,,,,,
365,0,0,0,1,,,,,,,,,,,,
365,1,0,1,1,,,,,,,,,,,,
365,2,0,2,0,,,,,,,,,,,,
365,3,0,3,0,,,,,,,,,,,,
365,4,0,4,1,,,,,,,,,,,,
365,5,0,5,0,,,,,,,,,,,,
365,6,0.2,6,0,,,,,,,,,,,,
365,7,1,7,0,,,,,,,,,,,,
366,0,0,0,1,,,,,,,,,,,,
366,1,0,1,1,,,,,,,,,,,,
366,2,0,2,0,,,,,,,,,,,,
366,3,0,3,0,,,,,,,,,,,,
366,4,0,4,1,,,,,,,,,,,,
366,5,0,5,0,,,,,,,,,,,,
366,6,0.2,6,0,,,,,,,,,,,,
366,7,1,7,0,,,,,,,,,,,,
367,0,0,0,1,,,,,,,,,,,,
367,1,0,1,1,,,,,,,,,,,,
367,2,0,2,0,,,,,,,,,,,,
367,3,0,3,0,,,,,,,,,,,,
367,4,0,4,1,,,,,,,,,,,,
367,5,0,5,0,,,,,,,,,,,,
367,6,0.2,6,0,,,,,,,,,,,,
367,7,1,7,0,,,,,,,,,,,,
368,0,0,0,1,,,,,,,,,,,,
368,1,0,1,1,,,,,,,,,,,,
368,2,0,2,0,,,,,,,,,,,,
368,3,0,3,0,,,,,,,,,,,,
368,4,0,4,1,,,,,,,,,,,,
368,5,0,5,0,,,,,,,,,,,,
368,6,0.2,6,0,,,,,,,,,,,,
368,7,1,7,0,,,,,,,,,,,,
369,0,0,0,1,,,,,,,,,,,,
369,1,0,1,1,,,,,,,,,,,,
369,2,0,2,0,,,,,,,,,,,,
369,3,0,3,0,,,,,,,,,,,,
369,4,0,4,1,,,,,,,,,,,,
369,5,0,5,0,,,,,,,,,,,,
369,6,0.2,6,0,,,,,,,,,,,,
369,7,1,7,0,,,,,,,,,,,,
370,0,0,0,1,,,,,,,,,,,,
370,1,0,1,1,,,,,,,,,,,,
370,2,0,2,0,,,,,,,,,,,,
370,3,0,3,0,,,,,,,,,,,,
370,4,0,4,1,,,,,,,,,,,,
370,5,0,5,0,,,,,,,,,,,,
370,6,0.2,6,0,,,,,,,,,,,,
370,7,1,7,0,,,,,,,,,,,,
371,0,0,0,1,,,,,,,,,,,,
371,1,0,1,1,,,,,,,,,,,,
371,2,0,2,0,,,,,,,,,,,,
371,3,0,3,0,,,,,,,,,,,,
371,4,0,4,1,,,,,,,,,,,,
371,5,0,5,0,,,,,,,,,,,,
371,6,0.2,6,0,,,,,,,,,,,,
371,7,1,7,0,,,,,,,,,,,,
372,0,0,0,1,,,,,,,,,,,,
372,1,0,1,1,,,,,,,,,,,,
372,2,0,2,0,,,,,,,,,,,,
372,3,0,3,0,,,,,,,,,,,,
372,4,0,4,1,,,,,,,,,,,,
372,5,0,5,0,,,,,,,,,,,,
372,6,0.2,6,0,,,,,,,,,,,,
372,7,1,7,0,,,,,,,,,,,,
373,0,0,0,1,,,,,,,,,,,,
373,1,0,1,1,,,,,,,,,,,,
373,2,0,2,0,,,,,,,,,,,,
373,3,0,3,0,,,,,,,,,,,,
373,4,0,4,1,,,,,,,,,,,,
373,5,0,5,0,,,,,,,,,,,,
373,6,0.2,6,0,,,,,,,,,,,,
373,7,1,7,0,,,,,,,,,,,,
374,0,0,0,1,,,,,,,,,,,,
374,1,0,1,1,,,,,,,,,,,,
374,2,0,2,0,,,,,,,,,,,,
374,3,0,3,0,,,,,,,,,,,,
374,4,0,4,1,,,,,,,,,,,,
374,5,0,5,0,,,,,,,,,,,,
374,6,0.2,6,0,,,,,,,,,,,,
374,7,1,7,0,,,,,,,,,,,,
375,0,0,0,1,,,,,,,,,,,,
375,1,0,1,1,,,,,,,,,,,,
375,2,0,2,0,,,,,,,,,,,,
375,3,0,3,0,,,,,,,,,,,,
375,4,0,4,1,,,,,,,,,,,,
375,5,0,5,0,,,,,,,,,,,,
375,6,0.2,6,0,,,,,,,,,,,,
375,7,1,7,0,,,,,,,,,,,,
376,0,0,0,1,,,,,,,,,,,,
376,1,0,1,1,,,,,,,,,,,,
376,2,0,2,0,,,,,,,,,,,,
376,3,0,3,0,,,,,,,,,,,,
376,4,0,4,1,,,,,,,,,,,,
376,5,0,5,0,,,,,,,,,,,,
376,6,0.2,6,0,,,,,,,,,,,,
376,7,1,7,0,,,,,,,,,,,,
377,0,0,0,1,,,,,,,,,,,,
377,1,0,1,1,,,,,,,,,,,,
377,2,0,2,0,,,,,,,,,,,,
377,3,0,3,0,,,,,,,,,,,,
377,4,0,4,1,,,,,,,,,,,,
377,5,0,5,0,,,,,,,,,,,,
377,6,0.2,6,0,,,,,,,,,,,,
377,7,1,7,0,,,,,,,,,,,,
378,0,0,0,1,,,,,,,,,,,,
378,1,0,1,1,,,,,,,,,,,,
378,2,0,2,0,,,,,,,,,,,,
378,3,0,3,0,,,,,,,,,,,,
378,4,0,4,1,,,,,,,,,,,,
378,5,0,5,0,,,,,,,,,,,,
378,6,0.2,6,0,,,,,,,,,,,,
378,7,1,7,0,,,,,,,,,,,,
379,0,0,0,1,,,,,,,,,,,,
379,1,0,1,1,,,,,,,,,,,,
379,2,0,2,0,,,,,,,,,,,,
379,3,0,3,0,,,,,,,,,,,,
379,4,0,4,1,,,,,,,,,,,,
379,5,0,5,0,,,,,,,,,,,,
379,6,0.2,6,0,,,,,,,,,,,,
379,7,1,7,0,,,,,,,,,,,,
380,0,0,0,1,,,,,,,,,,,,
380,1,0,1,1,,,,,,,,,,,,
380,2,0,2,0,,,,,,,,,,,,
380,3,0,3,0,,,,,,,,,,,,
380,4,0,4,1,,,,,,,,,,,,
380,5,0,5,0,,,,,,,,,,,,
380,6,0.2,6,0,,,,,,,,,,,,
380,7,1,7,0,,,,,,,,,,,,
381,0,0,0,1,,,,,,,,,,,,
381,1,0,1,1,,,,,,,,,,,,
381,2,0,2,0,,,,,,,,,,,,
381,3,0,3,0,,,,,,,,,,,,
381,4,0,4,1,,,,,,,,,,,,
381,5,0,5,0,,,,,,,,,,,,
381,6,0.2,6,0,,,,,,,,,,,,
381,7,1,7,0,,,,,,,,,,,,
382,0,0,0,1,,,,,,,,,,,,
382,1,0,1,1,,,,,,,,,,,,
382,2,0,2,0,,,,,,,,,,,,
382,3,0,3,0,,,,,,,,,,,,
382,4,0,4,1,,,,,,,,,,,,
382,5,0,5,0,,,,,,,,,,,,
382,6,0.2,6,0,,,,,,,,,,,,
382,7,1,7,0,,,,,,,,,,,,
383,0,0,0,1,,,,,,,,,,,,
383,1,0,1,1,,,,,,,,,,,,
383,2,0,2,0,,,,,,,,,,,,
383,3,0,3,0,,,,,,,,,,,,
383,4,0,4,1,,,,,,,,,,,,
383,5,0,5,0,,,,,,,,,,,,
383,6,0.2,6,0,,,,,,,,,,,,
383,7,1,7,0,,,,,,,,,,,,
384,0,0,0,1,,,,,,,,,,,,
384,1,0,1,1,,,,,,,,,,,,
384,2,0,2,0,,,,,,,,,,,,
384,3,0,3,0,,,,,,,,,,,,
384,4,0,4,1,,,,,,,,,,,,
384,5,0,5,0,,,,,,,,,,,,
384,6,0.2,6,0,,,,,,,,,,,,
384,7,1,7,0,,,,,,,,,,,,
385,0,0,0,1,,,,,,,,,,,,
385,1,0,1,1,,,,,,,,,,,,
385,2,0,2,0,,,,,,,,,,,,
385,3,0,3,0,,,,,,,,,,,,
385,4,0,4,1,,,,,,,,,,,,
385,5,0,5,0,,,,,,,,,,,,
385,6,0.2,6,0,,,,,,,,,,,,
385,7,1,7,0,,,,,,,,,,,,
386,0,0,0,1,,,,,,,,,,,,
386,1,0,1,1,,,,,,,,,,,,
386,2,0,2,0,,,,,,,,,,,,
386,3,0,3,0,,,,,,,,,,,,
386,4,0,4,1,,,,,,,,,,,,
386,5,0,5,0,,,,,,,,,,,,
386,6,0.2,6,0,,,,,,,,,,,,
386,7,1,7,0,,,,,,,,,,,,
387,0,0,0,1,,,,,,,,,,,,
387,1,0,1,1,,,,,,,,,,,,
387,2,0,2,0,,,,,,,,,,,,
387,3,0,3,0,,,,,,,,,,,,
387,4,0,4,1,,,,,,,,,,,,
387,5,0,5,0,,,,,,,,,,,,
387,6,0.2,6,0,,,,,,,,,,,,
387,7,1,7,0,,,,,,,,,,,,
388,0,0,0,1,,,,,,,,,,,,
388,1,0,1,1,,,,,,,,,,,,
388,2,0,2,0,,,,,,,,,,,,
388,3,0,3,0,,,,,,,,,,,,
388,4,0,4,1,,,,,,,,,,,,
388,5,0,5,0,,,,,,,,,,,,
388,6,0.2,6,0,,,,,,,,,,,,
388,7,1,7,0,,,,,,,,,,,,
389,0,0,0,1,,,,,,,,,,,,
389,1,0,1,1,,,,,,,,,,,,
389,2,0,2,0,,,,,,,,,,,,
389,3,0,3,0,,,,,,,,,,,,
389,4,0,4,1,,,,,,,,,,,,
389,5,0,5,0,,,,,,,,,,,,
389,6,0.2,6,0,,,,,,,,,,,,
389,7,1,7,0,,,,,,,,,,,,
390,0,0,0,1,,,,,,,,,,,,
390,1,0,1,1,,,,,,,,,,,,
390,2,0,2,0,,,,,,,,,,,,
390,3,0,3,0,,,,,,,,,,,,
390,4,0,4,1,,,,,,,,,,,,
390,5,0,5,0,,,,,,,,,,,,
390,6,0.2,6,0,,,,,,,,,,,,
390,7,1,7,0,,,,,,,,,,,,
391,0,0,0,1,,,,,,,,,,,,
391,1,0,1,1,,,,,,,,,,,,
391,2,0,2,0,,,,,,,,,,,,
391,3,0,3,0,,,,,,,,,,,,
391,4,0,4,1,,,,,,,,,,,,
391,5,0,5,0,,,,,,,,,,,,
391,6,0.2,6,0,,,,,,,,,,,,
391,7,1,7,0,,,,,,,,,,,,
392,0,0,0,1,,,,,,,,,,,,
392,1,0,1,1,,,,,,,,,,,,
392,2,0,2,0,,,,,,,,,,,,
392,3,0,3,0,,,,,,,,,,,,
392,4,0,4,1,,,,,,,,,,,,
392,5,0,5,0,,,,,,,,,,,,
392,6,0.2,6,0,,,,,,,,,,,,
392,7,1,7,0,,,,,,,,,,,,
393,0,0,0,1,,,,,,,,,,,,
393,1,0,1,1,,,,,,,,,,,,
393,2,0,2,0,,,,,,,,,,,,
393,3,0,3,0,,,,,,,,,,,,
393,4,0,4,1,,,,,,,,,,,,
393,5,0,5,0,,,,,,,,,,,,
393,6,0.2,6,0,,,,,,,,,,,,
393,7,1,7,0,,,,,,,,,,,,
394,0,0,0,1,,,,,,,,,,,,
394,1,0,1,1,,,,,,,,,,,,
394,2,0,2,0,,,,,,,,,,,,
394,3,0,3,0,,,,,,,,,,,,
394,4,0,4,1,,,,,,,,,,,,
394,5,0,5,0,,,,,,,,,,,,
394,6,0.2,6,0,,,,,,,,,,,,
394,7,1,7,0,,,,,,,,,,,,
395,0,0,0,1,,,,,,,,,,,,
395,1,0,1,1,,,,,,,,,,,,
395,2,0,2,0,,,,,,,,,,,,
395,3,0,3,0,,,,,,,,,,,,
395,4,0,4,1,,,,,,,,,,,,
395,5,0,5,0,,,,,,,,,,,,
395,6,0.2,6,0,,,,,,,,,,,,
395,7,1,7,0,,,,,,,,,,,,
396,0,0,0,1,,,,,,,,,,,,
396,1,0,1,1,,,,,,,,,,,,
396,2,0,2,0,,,,,,,,,,,,
396,3,0,3,0,,,,,,,,,,,,
396,4,0,4,1,,,,,,,,,,,,
396,5,0,5,0,,,,,,,,,,,,
396,6,0.2,6,0,,,,,,,,,,,,
396,7,1,7,0,,,,,,,,,,,,
397,0,0,0,1,,,,,,,,,,,,
397,1,0,1,1,,,,,,,,,,,,
397,2,0,2,0,,,,,,,,,,,,
397,3,0,3,0,,,,,,,,,,,,
397,4,0,4,1,,,,,,,,,,,,
397,5,0,5,0,,,,,,,,,,,,
397,6,0.2,6,0,,,,,,,,,,,,
397,7,1,7,0,,,,,,,,,,,,
398,0,0,0,1,,,,,,,,,,,,
398,1,0,1,1,,,,,,,,,,,,
398,2,0,2,0,,,,,,,,,,,,
398,3,0,3,0,,,,,,,,,,,,
398,4,0,4,1,,,,,,,,,,,,
398,5,0,5,0,,,,,,,,,,,,
398,6,0.2,6,0,,,,,,,,,,,,
398,7,1,7,0,,,,,,,,,,,,
399,0,0,0,1,,,,,,,,,,,,
399,1,0,1,1,,,,,,,,,,,,
399,2,0,2,0,,,,,,,,,,,,
399,3,0,3,0,,,,,,,,,,,,
399,4,0,4,1,,,,,,,,,,,,
399,5,0,5,0,,,,,,,,,,,,
399,6,0.2,6,0,,,,,,,,,,,,
399,7,1,7,0,,,,,,,,,,,,
